path,base_path,status,owners,split_rule,evidence,hunk_count,base_to_source_hunks
.cursor/Dockerfile,.cursor/Dockerfile,M,C01,Ledger USB HID 빌드에 필요한 libudev-dev 설치 두 줄만 C01에 포함한다.,hidraw backend와 libudev 사용을 설명하는 주석 및 libudev-dev 패키지가 추가됐다.,1,"-28,0 +29,2"
android/app/build.gradle.kts,android/app/build.gradle.kts,M,C05,minSdk 24→30 변경과 DMK 0.0.4/FlowRedux 의존성을 함께 C05에 둔다. 앱 전체 Android 하한 상승을 PR 제약에 명시한다.,Ledger Mobile DMK AAR가 minSdk 30을 요구하며 io.github.ledgerhq:device-management-kit 및 flowredux가 추가됐다.,2,"-124 +124,2 | -172,0 +174,3"
android/app/src/main/AndroidManifest.xml,android/app/src/main/AndroidManifest.xml,M,C05,"BLE scan/connect, 구버전 Bluetooth/location 권한과 optional BLE feature 전체를 C05에 포함한다.","BLUETOOTH_SCAN, BLUETOOTH_CONNECT, API 30 이하 권한 및 bluetooth_le feature가 Ledger Android transport용으로 추가됐다.",2,"-1 +1,2 | -4,0 +6,7"
android/app/src/main/kotlin/com/keplr/vizor/LedgerMobileHandler.kt,android/app/src/main/kotlin/com/keplr/vizor/LedgerMobileHandler.kt,A,C05,파일 전체를 C05 Android adapter로 둔다. C03에서 Dart channel/typed failure 계약을 먼저 정의하고 이 구현은 그 계약을 구현해야 한다.,DMK 검색·권한·connect/disconnect·current/open app·UFVK/signing APDU exchange·generation drain을 LedgerMobileHandler가 구현한다.,1,"-0,0 +1,590"
android/app/src/main/kotlin/com/keplr/vizor/MainActivity.kt,android/app/src/main/kotlin/com/keplr/vizor/MainActivity.kt,M,C05,"LedgerMobileHandler 생성, Method/EventChannel 등록, 권한 callback 전달, onDestroy close hunks만 C05에 포함한다.",ledgerMobileHandler 필드와 com.zcash.wallet/ledger_mobile 채널 수명주기 연결이 추가됐다.,4,"-12,0 +13 | -17,0 +19 | -122,0 +125,11 | -250,0 +264,19"
android/app/src/test/kotlin/com/keplr/vizor/LedgerMobileHandlerTest.kt,android/app/src/test/kotlin/com/keplr/vizor/LedgerMobileHandlerTest.kt,A,C05,파일 전체를 C05에 포함한다.,"취소된 UFVK drain, 정상 multi-command, signing 취소 후 slot 유지, close 단일 완료를 검증한다.",1,"-0,0 +1,171"
assets/icons/bluetooth.svg,assets/icons/bluetooth.svg,A,UI,연결 선택·설정 UI 자산,Bluetooth 선택/상태 표시에 쓰이는 아이콘,1,"-0,0 +1"
assets/icons/ledger.svg,assets/icons/ledger.svg,A,UI,Ledger 계정·서명 UI 자산,Ledger signer 배지와 화면 식별용 아이콘,1,"-0,0 +1,3"
assets/icons/ledger_brand.svg,assets/icons/ledger_brand.svg,A,UI,Ledger 브랜드 UI 자산,온보딩과 서명 안내의 브랜드 표시,1,"-0,0 +1,3"
assets/icons/usb.svg,assets/icons/usb.svg,A,UI,transport 선택 UI 자산,USB 선택/상태 표시에 쓰이는 아이콘,1,"-0,0 +1"
assets/illustrations/onboarding_ledger_sidebar.png,assets/illustrations/onboarding_ledger_sidebar.png,A,UI,데스크톱 Ledger 온보딩 삽화,ledger_setup_desktop_test가 2x 픽셀·투명도를 검증,0,BINARY
docs/ledger-support-review.md,docs/ledger-support-review.md,A,C01;C02;C03;C04;C05;C06;C07;C08;C09;C10;C11;C12;C13;C14;C15;UI,과거 검증 기록; 각 기능 PR에는 해당 절만 이동하고 umbrella에는 증거 경계만 유지,"USB/BLE, signing, recovery, Wallet Link와 OS별 실기기 검증·미검증 항목을 날짜별 기록",1,"-0,0 +1,328"
docs/ledger-support.md,docs/ledger-support.md,A,C01;C02;C03;C04;C05;C06;C07;C08;C09;C10;C11;C12;C13;C14;C15;UI,현재 지원 계약; 기능 PR별 관련 절을 단계적으로 추가하고 UI 문구·동작 설명은 UI 귀속,"플랫폼/기기, 계정, 거래, 취소, 복구, 검증 상태를 모두 기술",1,"-0,0 +1,615"
integration_test/ledger_speculos_desktop_test.dart,integration_test/ledger_speculos_desktop_test.dart,A,C01;C02;C08;C09;C10;C11;C12;C13;C14;UI,"시나리오별 소유 PR로 분할; Flutter 화면 구동 assertion은 UI, UFVK·PCZT·checkpoint 결과는 core",desktop Speculos import/send/TEX/shield/pay/swap/voting/sequential 시나리오; Speculos는 USB protocol·crypto fixture이지 물리 USB 증거가 아님,1,"-0,0 +1,1934"
integration_test/ledger_speculos_mobile_test.dart,integration_test/ledger_speculos_mobile_test.dart,A,C02;C03;C05;C08;C09;C10;C11;C12;C13;C14;UI,시나리오별 소유 PR로 분할; HTTP Speculos bridge 결과와 모바일 화면 assertion을 구분,mobile import/send/recovered migration/TEX/shield/pay/swap/voting 시나리오; 실제 Android BLE·기기 증거가 아님,1,"-0,0 +1,2103"
ios/Podfile.lock,ios/Podfile.lock,M,EXCLUDE,Ledger SwiftPM 의존성은 이 lockfile에 없으므로 checksum-only 변경을 이관하지 않는다. 각 기능 브랜치에서 pod install이 실제로 재현할 때만 별도 갱신한다.,변경은 기존 Flutter plugin 7개의 SPEC CHECKSUM뿐이며 Ledger/BleTransport pod 항목은 없다.,1,"-57,7 +57,7"
ios/Runner.xcodeproj/project.pbxproj,ios/Runner.xcodeproj/project.pbxproj,M,C04,"LedgerMobileHandler 및 native test source 등록, BleTransport 1.0.1 Swift package/product 연결만 C04에 포함한다.","LedgerMobileHandler.swift, LedgerMobileHandlerTests.swift와 hw-transport-ios-ble package reference가 추가됐다.",10,"-26,0 +27,3 | -106,0 +110,2 | -174,0 +180 | -204,0 +211 | -284,0 +292 | -355,0 +364,3 | -392,0 +404,3 | -540,0 +555 | -550,0 +566 | -604,0 +621,19"
ios/Runner.xcodeproj/project.xcworkspace/xcshareddata/swiftpm/Package.resolved,ios/Runner.xcodeproj/project.xcworkspace/xcshareddata/swiftpm/Package.resolved,A,C04,Xcode project workspace가 고정한 hw-transport-ios-ble 1.0.1 lock을 C04에서 project 설정과 함께 반영한다.,LedgerHQ/hw-transport-ios-ble 1.0.1 pin이 새로 생성됐다.,1,"-0,0 +1,15"
ios/Runner.xcworkspace/xcshareddata/swiftpm/Package.resolved,ios/Runner.xcworkspace/xcshareddata/swiftpm/Package.resolved,A,C04,Runner workspace용 동일 Swift package pin을 C04에 포함하고 두 Package.resolved가 일치하는지 검증한다.,LedgerHQ/hw-transport-ios-ble 1.0.1 pin이 새로 생성됐다.,1,"-0,0 +1,15"
ios/Runner/AppDelegate.swift,ios/Runner/AppDelegate.swift,M,C04,LedgerMobileHandler 보관·close 및 Method/EventChannel 등록 hunk만 C04에 포함한다.,implicit engine 생성 시 Apple BLE handler를 생성하고 ledger_mobile 및 discovery 채널을 연결한다.,2,"-8,0 +9 | -54,0 +56,16"
ios/Runner/Info.plist,ios/Runner/Info.plist,M,C04,NSBluetoothAlwaysUsageDescription 항목만 C04에 포함한다.,Ledger Bluetooth 연결 목적의 권한 설명이 추가됐다.,1,"-19,0 +20,2"
ios/Runner/LedgerMobileHandler.swift,ios/Runner/LedgerMobileHandler.swift,A,C04,"파일 전체를 Apple BLE adapter C04에 둔다. C03 channel 계약을 구현하되 app switching, exchange generation/drain, pairing-invalid 분류를 분리하지 않는다. macOS도 같은 소스를 참조한다.","BleTransport 검색·연결·APDU, LedgerMobileAppSwitchCoordinator, protocol codec, ledgerPairingInformationIsInvalid가 한 구현에 있다.",1,"-0,0 +1,1089"
ios/RunnerTests/LedgerMobileHandlerTests.swift,ios/RunnerTests/LedgerMobileHandlerTests.swift,A,C04,파일 전체를 C04에 포함한다.,"invalid pairing 구분, 취소 후 callback drain, app switch/reconnect/time budget, APDU parsing을 검증한다.",1,"-0,0 +1,543"
lib/app.dart,lib/app.dart,M,C02;C10;C11;UI,"All GoRoute/page registration, redirects based on route payload shape, onboarding transitions and hardware details navigation are UI. The inline onFinish import/password transaction is C02 behavior and should move behind a C02 controller/service rather than bringing routes into core. LedgerOperationRecoveryHost startup mounting is C10; send-review payload restoration/result dispatch is C11 lifecycle wiring.",appDesktopOnboardingRoutes registers Ledger pages and currently embeds ledgerAccountImporter/password prepare-commit-rollback; ZcashWalletApp mounts LedgerOperationRecoveryHost; send routes restore/dispatch Ledger payloads.,10,"-37,0 +38 | -41,0 +43,3 | -60,0 +65,2 | -84,0 +91 | -546,0 +554,167 | -895 +1069,11 | -1120,0 +1305,3 | -1126,0 +1314,6 | -1283,28 +1476,30 | -1902,0 +2098"
lib/figma_compare/figma_compare_scenarios.dart,lib/figma_compare/figma_compare_scenarios.dart,M,UI,Keep only deterministic Ledger visual scenarios in the UI collection; no runtime contract ownership.,"Adds Ledger account, onboarding, signing, shield and transfer capture scenarios.",6,"-4,0 +5 | -5,0 +7,3 | -10,0 +15 | -245,0 +251,63 | -291,0 +360,12 | -1871,0 +1952,53"
lib/src/app_bootstrap.dart,lib/src/app_bootstrap.dart,M,C02;C10,"Hardware signer backfill, Rust-authoritative signer/index/birthday merge and stored Ledger connection metadata are C02. Recovery host invocation is elsewhere; orphan verifier cleanup is needed by interrupted first-account import and should travel with C02 with generic-account regression tests. Do not duplicate in C10.","legacyHardwareAccountsForBackfill, hardwareSignerKind consistency check, birthdayHeight/zip32AccountIndex merge, ledgerConnectionPreference/device fields, shouldClearOrphanedPasswordVerifier.",8,"-216,0 +217,10 | -261 +271 | -298,0 +309,10 | -304,0 +325,8 | -312,0 +341,3 | -330,0 +362,16 | -402,0 +450,13 | -452,2 +512,11"
lib/src/core/layout/app_main_sidebar.dart,lib/src/core/layout/app_main_sidebar.dart,M,UI,Ledger icon/label and hardware account navigation presentation only.,Sidebar differentiates signer kind and links hardware account details.,13,"-496 +496 | -518 +518 | -628 +628 | -638 +638 | -651 +651 | -951 +951 | -962 +962 | -979 +979 | -1048 +1048 | -1052 +1052 | -1067 +1067 | -1087,2 +1087,5 | -1426 +1429"
lib/src/core/layout/mobile/mobile_top_nav_account.dart,lib/src/core/layout/mobile/mobile_top_nav_account.dart,M,UI,Signer-specific mobile account avatar rendering only.,Ledger account display branch.,1,-71 +71
lib/src/core/navigation/mobile_onboarding_routes.dart,lib/src/core/navigation/mobile_onboarding_routes.dart,M,UI,"The file only registers routes, checks navigation payload shape and builds Cupertino pages; keep it entirely in UI. C02 owns Ledger setup argument data contracts and import validation in their defining services/screens, not route registration.","Adds /onboarding/ledger, birthday, set-passcode and customise page registration using already-defined Ledger setup args.",3,"-11,0 +12,2 | -16,0 +19 | -202,0 +206,38"
lib/src/core/navigation/mobile_routes.dart,lib/src/core/navigation/mobile_routes.dart,M,UI,"Keep all Ledger GoRoute registration, typed payload pattern dispatch and Cupertino page construction in UI. C11/C12/C13 own the payload models and executable controllers in their own files, so core PRs must compile without copying these routes.","Registers Ledger send-sign, shield, swap-sign, status and hardware account pages but implements no signing/checkpoint/order transition itself.",10,"-6,0 +7 | -9,0 +11 | -29,0 +32 | -31,0 +35 | -35 +39,5 | -105,0 +114,9 | -235,0 +253,4 | -258,0 +280,10 | -337,0 +369,10 | -408,0 +450,7"
lib/src/core/widgets/app_icon.dart,lib/src/core/widgets/app_icon.dart,M,UI,Ledger glyph registration only.,Adds AppIcons.ledger asset mapping.,3,"-19,0 +20 | -30,0 +32 | -70,0 +73,2"
lib/src/core/widgets/mobile/mobile_account_avatar.dart,lib/src/core/widgets/mobile/mobile_account_avatar.dart,M,UI,Hardware signer avatar selection only.,Renders Ledger-specific account avatar/icon.,6,"-3,0 +4 | -7,3 +8 | -14 +13 | -24 +23 | -44 +43 | -61,2 +60,5"
lib/src/core/widgets/mobile/mobile_spendable_balance_info_sheet.dart,lib/src/core/widgets/mobile/mobile_spendable_balance_info_sheet.dart,A,UI,Balance explanation sheet is visual/copy scope.,New mobile spendable-balance information sheet.,1,"-0,0 +1,60"
lib/src/core/widgets/spendable_balance_copy.dart,lib/src/core/widgets/spendable_balance_copy.dart,A,UI,Shared user-facing balance copy only.,Defines spendable-balance labels/messages used by screens.,1,"-0,0 +1,15"
lib/src/features/accounts/screens/accounts_screen.dart,lib/src/features/accounts/screens/accounts_screen.dart,M,C02;UI,"Calls that select/update Ledger connection preference belong to C02; account cards, icons, menus and navigation belong to UI.",Account rows distinguish Ledger and expose hardware details/connection preference.,27,"-32,0 +33,2 | -739,0 +742,65 | -746,54 +813 | -814 +828 | -823,5 +837 | -829 +839 | -850,2 +860,2 | -852,0 +863 | -862,0 +874 | -885,0 +898 | -888 +901,3 | -890,4 +905,2 | -973,0 +987,40 | -986 +1039 | -1002 +1055,8 | -1009,20 +1069 | -1036,18 +1076,0 | -1073 +1096 | -1094,2 +1117,5 | -1110,0 +1137,2 | -1122,0 +1151,2 | -1190,0 +1221,9 | -1229,0 +1269,5 | -1303,0 +1348,2 | -1316,0 +1363,2 | -1328 +1376,2 | -1336,0 +1386,16"
lib/src/features/accounts/screens/hardware_account_details_screen.dart,lib/src/features/accounts/screens/hardware_account_details_screen.dart,A,C02;C03;UI,"Preference mutation and connection metadata reads are C02/C03; all controls, labels, device illustration and layout are UI.",New desktop/mobile hardware account details with signer information and Ledger USB/Bluetooth preference controls.,1,"-0,0 +1,751"
lib/src/features/accounts/screens/mobile/mobile_accounts_screen.dart,lib/src/features/accounts/screens/mobile/mobile_accounts_screen.dart,M,C02;UI,Ledger account action wiring is C02; sheet/card/icon presentation is UI.,Differentiates Keystone/Ledger and opens hardware details.,10,"-142,4 +142,4 | -168,0 +169,2 | -237 +239,8 | -515,2 +524,12 | -520,0 +540,28 | -543,17 +590 | -584,52 +615,42 | -643,3 +664,11 | -650,0 +680 | -766 +796"
lib/src/features/accounts/widgets/mobile/mobile_accounts_sheet.dart,lib/src/features/accounts/widgets/mobile/mobile_accounts_sheet.dart,M,UI,Signer-specific account sheet presentation only.,Ledger visual branch in mobile account sheet.,2,-181 +181 | -243 +243
lib/src/features/home/providers/ledger_shielding_limit_notice_provider.dart,lib/src/features/home/providers/ledger_shielding_limit_notice_provider.dart,A,C09;C12,Shield status reader and device input-limit derivation are C09; translating current remaining work into a shield-session notice is C12. Keep provider headless; copy can be moved to UI.,ledgerShieldStatusReaderProvider calls shieldTransparentStatus and reports transparentInputCount versus ledgerInputLimit.,1,"-0,0 +1,66"
lib/src/features/home/screens/home_screen.dart,lib/src/features/home/screens/home_screen.dart,M,C12;UI,"Start/close/result callbacks for the shield session belong to C12 only if extracted from widget state; buttons, overlay mounting and notices are UI.",Mounts LedgerShieldSigningOverlay and switches hardware shielding by signer kind.,16,"-50,0 +51 | -52,0 +54 | -76 +78 | -136 +138,2 | -180 +183 | -182 +185 | -316,0 +320,3 | -400,0 +407 | -415 +422 | -417,2 +424,7 | -466,0 +479 | -491,0 +505 | -671,0 +686,3 | -1042,2 +1059,2 | -1049,2 +1066,2 | -1122,7 +1139,8"
lib/src/features/home/screens/mobile/mobile_home_screen.dart,lib/src/features/home/screens/mobile/mobile_home_screen.dart,M,C12;UI,"Route/result handoff for Ledger shield is C12; balance strip, button, notice and layouts are UI.",Navigates to /home/ledger-shield and displays Ledger shielding limit notice.,23,"-54,0 +55 | -56,0 +58 | -346 +348 | -348 +350 | -952 +954,13 | -1044 +1058 | -1048 +1062 | -1130,0 +1145,3 | -1528,0 +1546 | -1543,0 +1562 | -1698,0 +1718 | -1780,0 +1801 | -1788,0 +1810 | -1807,0 +1830 | -1872,0 +1896 | -1906,0 +1931 | -1922,0 +1948 | -1929,0 +1956 | -1982,0 +2010,8 | -1995,0 +2031 | -2000,0 +2037 | -2005 +2042,3 | -2016 +2055,10"
lib/src/features/home/screens/mobile/mobile_ledger_shield_screen.dart,lib/src/features/home/screens/mobile/mobile_ledger_shield_screen.dart,A,C12;UI,MobileLedgerShieldResult is the C12 handoff contract; Scaffold and overlay placement are UI.,New thin mobile route wrapper around LedgerShieldSigningOverlay.,1,"-0,0 +1,33"
lib/src/features/home/widgets/ledger_shield_signing_overlay.dart,lib/src/features/home/widgets/ledger_shield_signing_overlay.dart,A,C09;C10;C12;UI,"Extract _prepareAndSign/_retry, checkpoint broadcast, remaining-input/round/progress guard, cancellation and recovery lookup into a C12 controller using C09 limits and C10 operation service. Modal phases, prompts, strings and rendering stay UI.","Widget currently owns proposal/proof/sign/checkpoint/broadcast, 32-input rounds, no-progress pause, existing-operation recovery and device modal state.",1,"-0,0 +1,643"
lib/src/features/ledger/ledger_app_instructions.dart,lib/src/features/ledger/ledger_app_instructions.dart,A,UI,All app-open instruction strings are presentation copy; readiness state is C03.,ledgerZcashAppName/open instruction helpers only return user-facing strings.,1,"-0,0 +1,9"
lib/src/features/ledger/ledger_capability.dart,lib/src/features/ledger/ledger_capability.dart,A,C01;C03;C09,USB/model/version/platform capability is C01/C03. isLedgerLegacyOrchardRecoveryUnsupported and migration capability gates belong to C09. User-facing model names may be consumed by UI without moving logic.,"LedgerCapability, supported app version, Bluetooth platform/model tables and legacy Orchard recovery guard.",1,"-0,0 +1,179"
lib/src/features/ledger/ledger_error_messages.dart,lib/src/features/ledger/ledger_error_messages.dart,A,C03;C09;UI,Typed classification predicates such as capacity/rebuild/USB permission are C03/C09; message selection and all strings are UI. Split predicates from ledgerActionableErrorMessage before core PRs.,"LedgerRequestKind, ledgerRequestExceedsCapacity, ledgerRequestNeedsRebuilding plus screen-oriented actionable messages.",1,"-0,0 +1,113"
lib/src/features/ledger/services/ledger_account_service.dart,lib/src/features/ledger/services/ledger_account_service.dart,A,C01;C02;C03,UFVK loader/export/parse is C01; duplicate check and importer are C02; selecting USB/Bluetooth connector and recording device transport is C03. Avoid introducing BLE dependency into C01.,"LedgerDeviceAccount, _connectLedgerAccount, _exportMobileAccount, ledgerAccountImporterProvider and duplicate checker.",1,"-0,0 +1,175"
lib/src/features/ledger/services/ledger_app_readiness_service.dart,lib/src/features/ledger/services/ledger_app_readiness_service.dart,A,C03,Entire typed readiness state machine and Rust/mobile device adapters belong to C03; no modal/copy.,"LedgerDeviceAppStatus/phase/failure, LedgerAppReadinessController and transport-specific readiness devices.",1,"-0,0 +1,337"
lib/src/features/ledger/services/ledger_connection_recovery.dart,lib/src/features/ledger/services/ledger_connection_recovery.dart,A,C03,Reconnect classification and recovery controller belong to C03.,ledgerFailureNeedsReconnect and LedgerConnectionRecoveryController state transition.,1,"-0,0 +1,80"
lib/src/features/ledger/services/ledger_connection_service.dart,lib/src/features/ledger/services/ledger_connection_service.dart,A,C02;C03,"Account metadata reads are the C02 contract; transport ordering, fallback boundary, selected device and persistence of successful connection are C03.",LedgerConnectionService resolves account preference/last transport and coordinates USB/mobile BLE connection.,1,"-0,0 +1,262"
lib/src/features/ledger/services/ledger_immediate_migration_service.dart,lib/src/features/ledger/services/ledger_immediate_migration_service.dart,A,C08;C09,"The raw full-PCZT signer/cancellation contract is reusable C08 code. The prepare/proof/check/complete/discard coordinator is dormant residual C09 behavior kept only so the source baseline remains intact behind ledgerAutomaticOrchardMigrationCapability=unsupported. Do not add a route, relax the capability, or describe this as supported.","LedgerImmediateMigrationService can prepare and complete a request, but both production desktop and mobile migration flow roots redirect Ledger accounts before this service can be reached.",1,"-0,0 +1,192"
lib/src/features/ledger/services/ledger_mobile_ble_service.dart,lib/src/features/ledger/services/ledger_mobile_ble_service.dart,A,C03;C04;C05,"Typed Dart BLE interface, discovery events/failures and pairing-invalid classification are C03; MethodChannel method/event contract lands with Apple C04 and Android C05 adapters. Platform-specific native behavior is not proven by this shared Dart file.","LedgerMobileFailure, LedgerMobileException, discovery/session API and MethodChannelLedgerMobileBleService.",1,"-0,0 +1,419"
lib/src/features/ledger/services/ledger_operation_recovery.dart,lib/src/features/ledger/services/ledger_operation_recovery.dart,A,C10;C13;UI,"Recovery coordinator, standalone outcome classification and startup/unlock scheduling are C10; deposit deadline/intent gate and swap/pay result adapter are C13; LedgerRecoveryNotice rendering/toast host should be split to UI while core exposes events.",LedgerOperationRecoveryCoordinator recovers signed operations; ledgerDepositBroadcastGateProvider uses swap intent/deadline; host displays notice.,1,"-0,0 +1,434"
lib/src/features/ledger/services/ledger_pairing_code_provider.dart,lib/src/features/ledger/services/ledger_pairing_code_provider.dart,A,C03;C07;UI,Connection-event parsing and answer contract are C03/C07; displaying/accepting pairing code belongs to UI. Linux-specific event source should only be wired when C07 lands.,"ledgerConnectionEventSourceProvider, ledgerPairingAnswerProvider and ledgerPairingCodeFromEvent.",1,"-0,0 +1,53"
lib/src/features/ledger/services/ledger_signed_operation_service.dart,lib/src/features/ledger/services/ledger_signed_operation_service.dart,A,C10,Entire metadata/checkpoint/list/broadcast/ack/discard contract belongs to C10; operation-kind consumers arrive in C11-C13.,LedgerSignedOperationKind/Metadata/BroadcastResult and RustLedgerSignedOperationService.,1,"-0,0 +1,267"
lib/src/features/ledger/services/ledger_signing_service.dart,lib/src/features/ledger/services/ledger_signing_service.dart,A,C03;C08;C14,Operation cancel and mobile gate/fallback policy are C03; full PCZT validation/signing/cooldown are C08; compact action/voting signature adapter is C08 contract consumed by C14. Do not pull voting session state into C08.,"ledgerPcztSupportValidatorProvider, ledgerPcztSignerProvider, ledgerActionPcztSignerProvider, LedgerVotingSignature and mobile voting finalization.",1,"-0,0 +1,291"
lib/src/features/ledger/widgets/ledger_app_step_card.dart,lib/src/features/ledger/widgets/ledger_app_step_card.dart,A,UI,Readiness step presentation only.,LedgerAppStepState and visual step card.,1,"-0,0 +1,124"
lib/src/features/ledger/widgets/ledger_bluetooth_settings_button.dart,lib/src/features/ledger/widgets/ledger_bluetooth_settings_button.dart,A,UI,Settings deeplink action and button presentation stay UI; pairingInvalid classification stays C03.,ledgerBluetoothSettingsOpenerProvider opens OS settings and LedgerBluetoothSettingsButton renders action.,1,"-0,0 +1,60"
lib/src/features/ledger/widgets/ledger_connection_guide.dart,lib/src/features/ledger/widgets/ledger_connection_guide.dart,A,UI,Connection guidance visual/copy only.,LedgerConnectionGuide and step headings.,1,"-0,0 +1,147"
lib/src/features/ledger/widgets/ledger_device_illustration.dart,lib/src/features/ledger/widgets/ledger_device_illustration.dart,A,UI,Device illustration only.,LedgerDeviceIllustration widget.,1,"-0,0 +1,61"
lib/src/features/ledger/widgets/ledger_device_signing_content.dart,lib/src/features/ledger/widgets/ledger_device_signing_content.dart,A,UI,Signing phase visual/copy only; core phase/state contracts come from feature controllers.,Renders Ledger device instructions for preparing/signing/broadcasting/failure.,1,"-0,0 +1,335"
lib/src/features/ledger/widgets/ledger_signing_modal.dart,lib/src/features/ledger/widgets/ledger_signing_modal.dart,A,C03;UI,"LedgerSigningModalPhase can be promoted to a core-neutral operation phase if controllers require it; reconnect/readiness invocation boundary is C03; modal lifecycle, dialogs, device picker, retry buttons and strings are UI.",Stateful modal currently owns readiness/reconnect presentation and failure connection picker.,1,"-0,0 +1,636"
lib/src/features/ledger/widgets/mobile_ledger_signing_surface.dart,lib/src/features/ledger/widgets/mobile_ledger_signing_surface.dart,A,UI,Mobile signing surface layout only.,Visual shell around signing content.,1,"-0,0 +1,52"
lib/src/features/migration/models/mobile_ironwood_migration_attention_state.dart,lib/src/features/migration/models/mobile_ironwood_migration_attention_state.dart,M,C09,Signer-aware migration attention decision is a C09 support guard; preserve existing Keystone behavior.,Ledger account changes migration attention state eligibility.,3,-49 +49 | -57 +57 | -64 +64
lib/src/features/migration/providers/ironwood_migration_announcement_provider.dart,lib/src/features/migration/providers/ironwood_migration_announcement_provider.dart,M,C09,Ledger migration capability/announcement suppression belongs to C09 and must remain disabled.,Filters Ledger out because ledgerAutomaticOrchardMigrationCapability is unsupported.,17,"-8,0 +9 | -244,0 +246 | -260,0 +263 | -288,0 +292,4 | -307,0 +315 | -325,0 +334 | -342,0 +352 | -347,0 +358 | -355 +366,2 | -359 +371,2 | -617,0 +631 | -653,0 +668 | -782 +797,2 | -814,0 +831,3 | -895,0 +915,5 | -939 +963,2 | -1087,0 +1113,4"
lib/src/features/migration/screens/ironwood_migration_flow/immediate_review.dart,lib/src/features/migration/screens/ironwood_migration_flow/immediate_review.dart,M,C09;UI,The Ledger branch is unreachable residual behavior under the parent desktop flow gate. Preserve it in C09 for source parity without exposing an entry; review messaging/buttons are UI fixtures only while the capability is unsupported.,"The screen contains a Ledger plan/overlay branch, but IronwoodMigrationFlowScreen redirects any active Ledger account to /home before the review is built.",8,"-20,0 +21,2 | -39 +41,10 | -69,0 +81,19 | -71,0 +102,11 | -97,0 +139,2 | -180,2 +223,2 | -190,3 +233,5 | -235 +280,3"
lib/src/features/migration/screens/ironwood_migration_flow/keystone_signing.dart,lib/src/features/migration/screens/ironwood_migration_flow/keystone_signing.dart,M,C09,Keystone guard correction must land before Ledger is considered hardware generically; retain under C09 regression compatibility.,Changes broad isHardware check to isKeystone to prevent Ledger entering Keystone signer.,1,-587 +587
lib/src/features/migration/screens/ironwood_migration_flow/private_review.dart,lib/src/features/migration/screens/ironwood_migration_flow/private_review.dart,M,C09;UI,Ledger private/batched migration exclusion is C09 policy; displayed explanation is UI. Preserve rather than deleting blocked signer path.,Rejects Ledger private migration because batched signing is unsupported.,1,"-65 +65,7"
lib/src/features/migration/screens/ironwood_migration_flow/private_status.dart,lib/src/features/migration/screens/ironwood_migration_flow/private_status.dart,M,C09;UI,Signer-kind action selection and Ledger exclusion are C09; status text/button state is UI.,Replaces generic hardware with account isKeystone and reports Ledger batched-signing limitation.,5,"-49,6 +49,11 | -70,0 +76,3 | -72 +80,3 | -360 +370 | -365 +375"
lib/src/features/migration/screens/ironwood_migration_flow/routes.dart,lib/src/features/migration/screens/ironwood_migration_flow/routes.dart,M,C09,Route-level automatic Orchard migration capability gate belongs to C09; keep existing route contract unchanged for other signers.,Redirects/guards Ledger when automatic Orchard migration capability is unsupported.,3,"-22,0 +23,5 | -42,0 +48,4 | -83,0 +93,6"
lib/src/features/migration/screens/ironwood_migration_flow/shell_intro_options.dart,lib/src/features/migration/screens/ironwood_migration_flow/shell_intro_options.dart,M,C09;UI,Disable unsupported private option for Ledger in C09; labels and option presentation are UI.,Passes privateEnabled false for Ledger and renders not-available copy.,6,"-58 +58,3 | -73,0 +76 | -1022 +1025,4 | -1024,0 +1031 | -1033 +1040,17 | -1084,6 +1107,8"
lib/src/features/migration/screens/ironwood_migration_flow/transfer_status.dart,lib/src/features/migration/screens/ironwood_migration_flow/transfer_status.dart,M,UI,Error-message translation only; underlying exclusion lives in C09.,Maps Ledger private migration error to user-facing text.,1,"-2074,0 +2075,3"
lib/src/features/migration/screens/ironwood_migration_flow_screen.dart,lib/src/features/migration/screens/ironwood_migration_flow_screen.dart,M,C09;UI,The root Ledger redirect is the authoritative C09 product gate and must land before retaining any dormant overlay references. Screen composition remains UI; no overlay reference may be used to claim reachability.,IronwoodMigrationFlowScreen checks the active Ledger account plus ledgerAutomaticOrchardMigrationCapability.supported and returns _RedirectTo('/home').,2,"-53,0 +54 | -59,0 +61"
lib/src/features/migration/screens/mobile/mobile_ironwood_migration_flow_screen.dart,lib/src/features/migration/screens/mobile/mobile_ironwood_migration_flow_screen.dart,M,C09;UI,The mobile root redirect is the authoritative C09 product gate and must remain equivalent to desktop. Preview-only composition is UI and does not make Ledger migration production-reachable.,MobileIronwoodMigrationFlowScreen redirects an active Ledger account home while the capability is unsupported; preview mode can still render fixtures without an active account.,2,"-32,0 +33 | -39,0 +41"
lib/src/features/migration/screens/mobile/mobile_ironwood_migration_intro_options.dart,lib/src/features/migration/screens/mobile/mobile_ironwood_migration_intro_options.dart,M,C09;UI,privateUnavailableForLedger flag is C09 policy output; option text/layout is UI.,Disables and explains private migration option for Ledger.,4,"-144 +144,4 | -146,0 +150 | -242,0 +247,3 | -273,0 +281,2"
lib/src/features/migration/screens/mobile/mobile_ironwood_migration_redesigned_status.dart,lib/src/features/migration/screens/mobile/mobile_ironwood_migration_redesigned_status.dart,M,C09,Compatibility rename from broad hardware to Keystone is a C09 regression guard.,Passes isKeystone rather than isHardware to status action.,1,-1291 +1291
lib/src/features/migration/screens/mobile/mobile_ironwood_migration_review.dart,lib/src/features/migration/screens/mobile/mobile_ironwood_migration_review.dart,M,C08;C09;UI,"Plan retention/start/cancel/complete is dormant residual C09 behavior using the raw C08 signer. Preserve for source parity and preview tests, but keep it unreachable from production while the root capability is unsupported; StatefulWidget mounting and explanatory content are UI.","The review can retain a Ledger plan and mount LedgerImmediateMigrationSigningOverlay, but the mobile flow root redirects active Ledger accounts before this production screen is reached.",8,"-67,0 +68,2 | -85 +87,10 | -97,20 +108 | -133,0 +126,35 | -144,0 +172,12 | -145,0 +185,2 | -245 +286 | -387,5 +428,7"
lib/src/features/migration/screens/mobile/mobile_ironwood_migration_routes.dart,lib/src/features/migration/screens/mobile/mobile_ironwood_migration_routes.dart,M,C09;UI,Signer-specific route eligibility/action dispatch is C09; rendered route/page and messages are UI.,Guards Ledger automatic/private routes and restricts Keystone status behavior.,7,"-26,0 +27,5 | -85,0 +91,4 | -87,2 +96,3 | -96,3 +106 | -104,0 +113 | -218,0 +228,4 | -240,3 +253"
lib/src/features/migration/screens/mobile/mobile_ironwood_migration_start.dart,lib/src/features/migration/screens/mobile/mobile_ironwood_migration_start.dart,M,C09;UI,Rejecting Ledger batched/private migration is C09; snackbar/dialog copy is UI. Do not infer that the dormant immediate signer is enabled.,Throws/returns explicit Ledger private migration unavailable errors and keeps Keystone-specific plan checks.,3,"-94 +94,6 | -290,2 +295,8 | -298 +309"
lib/src/features/migration/services/ironwood_migration_service.dart,lib/src/features/migration/services/ironwood_migration_service.dart,M,C09,Retain signer-neutral prepare/complete/discard/proof aliases as guarded residual behavior required for source parity and existing tests. They do not justify a new supported feature PR and must not be connected around the unsupported Ledger product gate; Keystone delegating APIs stay compatible.,"Hardware-named aliases exist, but production Ledger migration routes are blocked by ledgerAutomaticOrchardMigrationCapability before callers can invoke them.",4,"-2057,0 +2058,13 | -2080,0 +2094,11 | -3005,0 +3030,8 | -3016,0 +3049,4"
lib/src/features/migration/widgets/ledger_immediate_migration_signing_overlay.dart,lib/src/features/migration/widgets/ledger_immediate_migration_signing_overlay.dart,A,C08;C09;UI,"Extract service execution/cancellation/retry classification to the C09 migration controller using C08 signer; visual phase, modal, download prompt and messages remain UI.","Widget invokes LedgerImmediateMigrationService, cancels Rust operation, handles capacity/rebuild failures and renders desktop/mobile signing surfaces.",1,"-0,0 +1,201"
lib/src/features/onboarding/create/customise_account_screen.dart,lib/src/features/onboarding/create/customise_account_screen.dart,M,C02;UI,Ledger import completion callback/rollback contract is C02; account name/avatar form and copy are UI.,Adds Ledger constructor/back target/onFinish path.,7,"-19,0 +20 | -35 +36,2 | -37 +39,9 | -41,0 +52,2 | -120 +132 | -196 +208 | -246 +258,10"
lib/src/features/onboarding/import/import_split_view.dart,lib/src/features/onboarding/import/import_split_view.dart,M,UI,Ledger onboarding layout adaptation only.,Adjusts split-view content for Ledger import flow.,2,"-178 +178 | -183,2 +183,5"
lib/src/features/onboarding/import/import_wallet_birthday_screen.dart,lib/src/features/onboarding/import/import_wallet_birthday_screen.dart,M,C02;UI,"Birthday value handoff is C02 metadata; Ledger constructor, navigation controls and copy are UI.",Adds ImportWalletBirthdayScreen.ledger and callback.,12,"-17,0 +18 | -27,0 +29,4 | -36,3 +41,19 | -81 +102 | -308 +328,0 | -319,0 +340,10 | -333 +363 | -349 +379 | -380 +410 | -448,0 +479,27 | -464,11 +521 | -633,2 +680,2"
lib/src/features/onboarding/ledger/ledger_connect_screen.dart,lib/src/features/onboarding/ledger/ledger_connect_screen.dart,A,C01;C02;C03;UI,"Export/index/UFVK result and import setup payload are C01/C02; connection/readiness/cancel behavior is C03; screen state, advanced account-index input, device dialog and messages are UI. Extract controller before core PRs.","Desktop connect screen validates account index, connects via service, opens app, exports account, handles retry and routes to birthday.",1,"-0,0 +1,495"
lib/src/features/onboarding/ledger/ledger_desktop_ble_probe_dialog.dart,lib/src/features/onboarding/ledger/ledger_desktop_ble_probe_dialog.dart,A,C03;C04;C06;C07;UI,"Discovery/connect/cancel/pairing event contract is C03 plus platform adapter PR; device list, PIN prompt, settings action and diagnostics rendering are UI. Do not treat this probe dialog as adapter correctness evidence.","Runs BLE discovery/connection, consumes pairing code provider, handles pairing reset and renders probe details.",1,"-0,0 +1,560"
lib/src/features/onboarding/ledger/ledger_setup_args.dart,lib/src/features/onboarding/ledger/ledger_setup_args.dart,A,C02,Typed onboarding payload carrying exported account/index/birthday/password belongs to C02.,"LedgerBirthdayArgs, LedgerSetPasswordArgs and LedgerCustomiseAccountArgs.",1,"-0,0 +1,29"
lib/src/features/onboarding/mobile/mobile_customise_account_screen.dart,lib/src/features/onboarding/mobile/mobile_customise_account_screen.dart,M,C02;UI,Ledger importer/password commit/rollback transaction is C02; mobile form and navigation are UI.,Adds MobileLedgerCustomiseAccountScreen using ledgerAccountImporterProvider.,11,"-16,0 +17 | -17,0 +19 | -33 +35 | -34,0 +37,2 | -37 +41,4 | -39 +46 | -41 +48 | -43,0 +51,3 | -176 +186 | -235,9 +245,12 | -277 +290,62"
lib/src/features/onboarding/mobile/mobile_import_birthday_screen.dart,lib/src/features/onboarding/mobile/mobile_import_birthday_screen.dart,M,UI,Mobile birthday screen layout compatibility only.,Small Ledger-related presentation adaptation.,1,"-297,0 +298,4"
lib/src/features/onboarding/mobile/mobile_ledger_birthday_screen.dart,lib/src/features/onboarding/mobile/mobile_ledger_birthday_screen.dart,A,C02;UI,Birthday handoff is C02; full page is UI.,New mobile Ledger birthday route wrapper.,1,"-0,0 +1,49"
lib/src/features/onboarding/mobile/mobile_ledger_connect_screen.dart,lib/src/features/onboarding/mobile/mobile_ledger_connect_screen.dart,A,C01;C02;C03;UI,"Exported account/index result is C01/C02; BLE discovery/connect/readiness/cancel is C03/C04/C05; device sheet, account-index form and messages are UI. Extract a shared connection controller rather than copying desktop behavior into core.","Mobile flow discovers BLE devices, connects, exports UFVK and routes to birthday.",1,"-0,0 +1,461"
lib/src/features/onboarding/mobile/mobile_ledger_device_sheet.dart,lib/src/features/onboarding/mobile/mobile_ledger_device_sheet.dart,A,C03;UI,"Discovery/connect callback contract belongs C03; bottom-sheet lifecycle, device rows, pairing dialog and retry/settings actions are UI.",Mobile Ledger selector consumes LedgerDiscoveryUpdate and pairing reset state.,1,"-0,0 +1,418"
lib/src/features/onboarding/mobile/mobile_method_selection_screen.dart,lib/src/features/onboarding/mobile/mobile_method_selection_screen.dart,M,UI,Ledger onboarding entry tile/availability presentation only.,Adds Ledger method selection option.,6,"-2,0 +3 | -7,0 +9 | -22 +24 | -26 +28 | -27,0 +30 | -102,0 +106,11"
lib/src/features/onboarding/mobile/mobile_onboarding_progress.dart,lib/src/features/onboarding/mobile/mobile_onboarding_progress.dart,M,UI,Ledger onboarding step count/progress only.,Recognizes Ledger routes in progress indicator.,1,"-29,0 +30,8"
lib/src/features/onboarding/mobile/mobile_onboarding_scaffold.dart,lib/src/features/onboarding/mobile/mobile_onboarding_scaffold.dart,M,UI,Ledger route title/back presentation only.,Adapts mobile onboarding shell for Ledger steps.,3,"-24,0 +25 | -56,0 +58 | -113,5 +115,11"
lib/src/features/onboarding/mobile/mobile_passcode_screen.dart,lib/src/features/onboarding/mobile/mobile_passcode_screen.dart,M,C02;UI,Pending Ledger password/import continuation payload and rollback are C02; keypad/page presentation is UI.,Adds MobilePasscodeScreen.ledger setup continuation.,9,"-19,0 +20 | -39 +40,4 | -41 +45,8 | -97 +108,3 | -99 +111,0 | -105,0 +118,16 | -112,5 +140 | -207,0 +232,8 | -230 +262,3"
lib/src/features/onboarding/mobile/mobile_wallet_link_screens.dart,lib/src/features/onboarding/mobile/mobile_wallet_link_screens.dart,M,C15;UI,"No transfer semantics here; Ledger account icon selection is UI, tied to C15 model constants.",Wallet Link account row displays Ledger glyph by effectiveHardwareKind.,1,"-1127 +1127,7"
lib/src/features/onboarding/shared/set_password_screen.dart,lib/src/features/onboarding/shared/set_password_screen.dart,M,C02;UI,Ledger pending-password continuation/rollback is C02; form/navigation is UI.,Adds SetPasswordScreen.ledger and Ledger setup payload handoff.,9,"-21,0 +22 | -27 +28,3 | -29 +32,9 | -81 +91,0 | -94,0 +105,16 | -226 +252 | -230 +256,10 | -233,3 +268,3 | -238 +273"
lib/src/features/onboarding/welcome.dart,lib/src/features/onboarding/welcome.dart,M,UI,Ledger onboarding entry button/capability presentation only.,Adds Ledger path to desktop welcome/add-account choices.,10,"-12,0 +13 | -76 +77,5 | -369 +374,3 | -373,2 +380,2 | -380,2 +387,4 | -408 +417,3 | -412 +423 | -415,3 +426,3 | -455 +466,3 | -473,0 +487,15"
lib/src/features/pay/screens/pay_screen.dart,lib/src/features/pay/screens/pay_screen.dart,M,C13;UI,Payment deposit hardware flow routing/result contract is C13; page copy/icon is UI.,Signer-kind-aware Ledger payment deposit integration.,1,-185 +185
lib/src/features/payment_links/widgets/mobile/payment_link_claim_account_sheet.dart,lib/src/features/payment_links/widgets/mobile/payment_link_claim_account_sheet.dart,M,UI,Ledger account icon/label in claim chooser only.,Small signer-kind display branch.,1,"-187 +187,2"
lib/src/features/send/screens/mobile/mobile_ledger_send_sign_screen.dart,lib/src/features/send/screens/mobile/mobile_ledger_send_sign_screen.dart,A,C08;C10;C11;UI,"Extract base PCZT creation, TEX sequence, signing, checkpoint retry, discard/cancel and recovery decisions into C11 controller consuming C08/C10. Screen phases, error buttons, download prompt and rendering remain UI.","Stateful screen owns proposal->proof->sign->checkpoint sequence, two PCZTs, retry and uncheckpointed-signature cleanup.",1,"-0,0 +1,546"
lib/src/features/send/screens/mobile/mobile_send_screen.dart,lib/src/features/send/screens/mobile/mobile_send_screen.dart,M,C09;C11;UI,"Ledger-aware quote/Max/suggested amount uses C09; proposal handoff, Ledger cancel discard and status payload use C11; all input layout/prompt/icon/copy is UI.","Calls sendMaxEstimator/quote with isLedger, applies SendAmountSuggestion, routes to /send/ledger-sign and awaits discard.",43,"-28,0 +29 | -38,0 +40 | -46,0 +49,4 | -431,0 +438 | -468,0 +476 | -553,0 +562,2 | -678 +688 | -680,2 +690,4 | -1181 +1193 | -1193 +1205 | -1315 +1327 | -1413,0 +1426 | -1448 +1461,6 | -1452 +1470 | -1454 +1472 | -1456,2 +1474,9 | -1461,0 +1487,3 | -1463,7 +1491,9 | -1484,2 +1514,8 | -1498,0 +1535,5 | -1510,2 +1551,51 | -1512,0 +1603,12 | -1823 +1925 | -1825 +1927 | -1899,0 +2002,28 | -1901 +2031 | -2118,0 +2249,16 | -2597,0 +2744,5 | -2640,33 +2791,39 | -2676,10 +2833,4 | -2687,5 +2838,14 | -2693,15 +2853,23 | -2709,14 +2877,5 | -2724,3 +2883,2 | -2728,2 +2886,2 | -2732,2 +2890,2 | -2735,2 +2893,2 | -2750,11 +2908,20 | -2762 +2929 | -2825 +2992,27 | -3131 +3324,3 | -3261 +3456,5 | -3276 +3475,3"
lib/src/features/send/screens/mobile/mobile_send_status_screen.dart,lib/src/features/send/screens/mobile/mobile_send_status_screen.dart,M,C11;UI,Ledger result payload/refresh semantics are C11; status presentation is UI.,Accepts LedgerBroadcastArgs alongside existing status data.,8,"-22,0 +23 | -30,0 +32 | -36,0 +39 | -60,0 +64 | -69,0 +74 | -139,0 +145 | -156,0 +163 | -239,2 +246,4"
lib/src/features/send/screens/send_review_screen.dart,lib/src/features/send/screens/send_review_screen.dart,M,C03;C08;C10;C11;UI,Extract Ledger handoff/sign/checkpoint/cancel/recreate state machine to C11 consuming C03/C08/C10. Keep main's proposal-consumption and refresh ordering. Review buttons/modal/error copy remain UI.,"Desktop review holds Ledger signer, connection recovery, proposal checkpoint, uncheckpointed signature disposal and hardware dispatch.",18,"-0,0 +1,8 | -41 +49,34 | -63 +104 | -77,0 +119,13 | -81,0 +136,3 | -101 +158,11 | -161 +228 | -163 +230,7 | -176,0 +250,421 | -528 +1022 | -544 +1038 | -546 +1040,3 | -619,0 +1116,2 | -624 +1122 | -651,0 +1150,2 | -656 +1156 | -669 +1169,3 | -712,0 +1215,24"
lib/src/features/send/screens/send_screen.dart,lib/src/features/send/screens/send_screen.dart,M,C09;C11;UI,Ledger quote/Max selection and suggested amount are C09; proposal/review payload is C11; amount prompt/layout/copy is UI.,"Adds signer-aware estimator, amount adjustment, Ledger errors and send flow payload.",52,"-21,0 +22 | -27,0 +29 | -37,0 +40 | -41,0 +45 | -43,0 +48,2 | -51 +57 | -54,0 +61,3 | -88,2 +97,2 | -112 +121 | -116,0 +126 | -126 +136 | -130,0 +141 | -133,0 +145 | -135 +147 | -220,0 +233,8 | -272,0 +293 | -410 +431 | -469 +490 | -486 +507 | -639,0 +661 | -669,0 +692,5 | -671,0 +699,91 | -748 +866 | -824,0 +943 | -869 +988,6 | -877 +1001 | -879 +1003 | -886 +1010,6 | -896 +1025 | -899 +1028,7 | -901 +1036,2 | -906 +1042,6 | -918,2 +1059,8 | -1027,0 +1175 | -1029 +1177,4 | -1207,0 +1359,6 | -1210 +1367,3 | -1340,44 +1499,84 | -1386,25 +1584,0 | -1490,0 +1665,7 | -1511,0 +1693,25 | -1520 +1726,6 | -1531,0 +1743,2 | -1555,13 +1768,17 | -1569 +1786,32 | -1572,6 +1820 | -1957,0 +2201 | -1961,7 +2204,0 | -1968,0 +2206 | -2000,3 +2238,3 | -2004 +2242,3 | -2264 +2504"
lib/src/features/send/screens/send_status_screen.dart,lib/src/features/send/screens/send_status_screen.dart,M,C11;UI,Ledger broadcast result adaptation is C11; rendering is UI.,Displays Ledger send outcome through shared status screen.,5,"-39,0 +40 | -48,0 +50 | -53,0 +56 | -96,0 +100 | -228,0 +233"
lib/src/features/send/services/send_compose_dependencies.dart,lib/src/features/send/services/send_compose_dependencies.dart,A,C09;C11,Signer-aware quote/Max dependency injection is C09; proposal creation/discard dependencies and contracts are C11.,Introduces injectable send estimators/quoters/proposal operations used by desktop/mobile flows.,1,"-0,0 +1,74"
lib/src/features/send/services/send_flow.dart,lib/src/features/send/services/send_flow.dart,M,C09;C10;C11,LedgerBroadcastArgs and proposal execution/discard/route retention are C11; signed operation metadata/result is C10; Ledger planning inputs/quote constraints are C09. Preserve new-main cancel wait and balance refresh semantics.,"Hardware signer dispatch, Ledger result payload, route restoration, proposal consumption and cancellation helper changes.",17,"-28,0 +29 | -133,0 +135,12 | -292,0 +306,17 | -298 +328,3 | -309,0 +342,5 | -634,0 +672,28 | -647,0 +713 | -651 +717,2 | -660,9 +727,17 | -699,7 +774,17 | -739,2 +824,2 | -743,35 +828,17 | -780,12 +847,3 | -792,0 +851,118 | -794,14 +969,0 | -885 +1047 | -912 +1074"
lib/src/features/send/widgets/send_amount_adjustment_prompt.dart,lib/src/features/send/widgets/send_amount_adjustment_prompt.dart,A,UI,Amount adjustment confirmation dialog only; C09 supplies suggestion.,New prompt rendering accepted/rejected suggested amount.,1,"-0,0 +1,203"
lib/src/features/send/widgets/send_amount_suggestion.dart,lib/src/features/send/widgets/send_amount_suggestion.dart,A,C09;UI,Value object/comparison for device-feasible amount can be C09; displayed formatting remains UI.,SendAmountSuggestion represents an adjusted zatoshi amount and applicability.,1,"-0,0 +1,43"
lib/src/features/settings/screens/mobile/mobile_settings_screen.dart,lib/src/features/settings/screens/mobile/mobile_settings_screen.dart,M,C02;UI,Hardware details navigation keyed by signer metadata is C02 contract; list row/icon/copy UI.,Adds hardware account settings entry for Ledger.,2,"-66 +66,2 | -128,13 +129,30"
lib/src/features/settings/screens/settings_screen.dart,lib/src/features/settings/screens/settings_screen.dart,M,C02;UI,"Same desktop boundary: signer-aware navigation C02, presentation UI.",Adds Ledger hardware account settings route entry.,7,"-226,0 +227,4 | -348,0 +353 | -373,0 +379 | -421,0 +428 | -456,0 +464 | -481,0 +490 | -523,5 +532,12"
lib/src/features/swap/models/swap_hardware_broadcast_result.dart,lib/src/features/swap/models/swap_keystone_broadcast_result.dart,R056,C13,Signer-neutral broadcast result contract belongs to C13; rename must land with all Keystone consumers atomically.,Renames SwapKeystoneBroadcastResult to SwapHardwareBroadcastResult for shared Ledger/Keystone deposit result.,1,"-3,2 +3,2"
lib/src/features/swap/models/swap_state.dart,lib/src/features/swap/models/swap_state.dart,M,C13,Pending hardware signing intent/result state belongs to C13 and must retain Keystone serialization behavior.,Generalizes Keystone-specific pending/broadcast state for Ledger.,6,-49 +49 | -86 +86 | -295 +295 | -329 +329 | -340 +340 | -342 +342
lib/src/features/swap/providers/swap_hardware_signing_service.dart,lib/src/features/swap/providers/swap_hardware_signing_service.dart,M,C13,Shared hardware deposit draft/create/complete contract and Ledger dispatch belong to C13.,Adds Ledger-aware hardware signing service behavior.,2,"-41,0 +42,8 | -230,0 +239,34"
lib/src/features/swap/providers/swap_max_amount_estimator.dart,lib/src/features/swap/providers/swap_max_amount_estimator.dart,M,C09;C13,Ledger-compatible max estimation constraint is C09; swap adapter that supplies deposit context is C13.,Estimator passes Ledger signer constraints into swap ZEC deposit amount calculation.,2,"-9,0 +10 | -40,0 +42,23"
lib/src/features/swap/providers/swap_state_provider.dart,lib/src/features/swap/providers/swap_state_provider.dart,M,C09;C13,"Ledger deposit planning/Max uses C09; pending intent, deadline, draft, completion and recovery state transitions are C13. Keep general swap/Keystone transitions unchanged.","Adds hardware signer kind branching, Ledger draft and broadcast/recovery handling.",20,"-59,2 +59,2 | -828,0 +829,6 | -875 +881,2 | -879,0 +887,38 | -881 +926,2 | -895 +941 | -905 +951 | -908 +954 | -934 +980 | -1030,2 +1076,2 | -1033 +1079 | -1166 +1212 | -1175 +1221 | -1215 +1261 | -1249 +1295 | -1264 +1310 | -1295 +1341 | -1301 +1347 | -1701 +1747 | -1720 +1766"
lib/src/features/swap/screens/mobile/mobile_swap_keystone_sign_screen.dart,lib/src/features/swap/screens/mobile/mobile_swap_keystone_sign_screen.dart,M,C13,Compatibility adaptation to signer-neutral result contract; preserve Keystone flow under C13 regression coverage.,Uses renamed SwapHardwareBroadcastResult.,6,-21 +21 | -50 +50 | -292 +292 | -302 +302 | -312 +312 | -374 +374
lib/src/features/swap/screens/mobile/mobile_swap_ledger_sign_screen.dart,lib/src/features/swap/screens/mobile/mobile_swap_ledger_sign_screen.dart,A,C08;C10;C13;UI,Extract Ledger deposit sign/checkpoint/broadcast/cancel sequence into C13 controller consuming C08/C10; page/modal/errors remain UI.,New mobile Ledger swap signer route and result handoff.,1,"-0,0 +1,92"
lib/src/features/swap/screens/mobile/mobile_swap_review_screen.dart,lib/src/features/swap/screens/mobile/mobile_swap_review_screen.dart,M,C13;UI,Signer-specific deposit route/result and deadline checks C13; review presentation UI.,Routes Ledger deposits to mobile Ledger signing screen.,5,"-26,0 +27 | -201 +202 | -204 +205 | -205,0 +207,13 | -222 +236"
lib/src/features/swap/screens/swap_review_screen.dart,lib/src/features/swap/screens/swap_review_screen.dart,M,C13;UI,Ledger hardware signing dispatch C13; visual review UI.,Small Ledger branch in desktop swap review.,1,-103 +103
lib/src/features/swap/widgets/swap_activity_panel.dart,lib/src/features/swap/widgets/swap_activity_panel.dart,M,C13;UI,Recovery/result acknowledgment and retry callbacks C13; activity status controls/copy UI.,Handles generalized hardware/Ledger broadcast status in activity panel.,41,"-25 +25 | -29,0 +30 | -31,0 +33 | -39 +41 | -63,2 +65,2 | -91 +93 | -129 +131 | -142 +144 | -146 +148,7 | -152 +160,5 | -159 +171 | -180,0 +193,8 | -230 +250 | -236 +256,5 | -241 +265 | -245,3 +269,3 | -249 +273,15 | -266,2 +304,2 | -272 +310 | -287 +325 | -289 +327 | -291 +329 | -293 +331 | -295 +333 | -300 +338 | -308 +346 | -313 +351 | -320 +358 | -324 +362,17 | -326,2 +380,2 | -333 +387 | -362 +416 | -380 +434 | -382,4 +436,4 | -387 +441 | -389 +443 | -398,2 +452,2 | -435 +489 | -437,7 +491,18 | -520 +585 | -525 +590"
lib/src/features/swap/widgets/swap_keystone_signing_overlay.dart,lib/src/features/swap/widgets/swap_keystone_signing_overlay.dart,M,C13,Compatibility update to shared hardware result; no Ledger UI ownership.,Uses generalized swap broadcast result contract.,3,-17 +17 | -31 +31 | -274 +274
lib/src/features/swap/widgets/swap_ledger_signing_overlay.dart,lib/src/features/swap/widgets/swap_ledger_signing_overlay.dart,A,C08;C10;C13;UI,"Extract draft/sign/checkpoint/deadline/broadcast/cancel orchestration to C13 consuming C08/C10; overlay modal, prompts and copy UI.","Desktop Ledger deposit overlay owns signed-operation recovery, intent deadline gate and result completion.",1,"-0,0 +1,634"
lib/src/features/voting/screens/mobile/mobile_voting_screens.dart,lib/src/features/voting/screens/mobile/mobile_voting_screens.dart,M,C14;UI,Ledger signing action dispatch/cancel callback C14; mobile screens and messages UI.,Adds Ledger-specific voting signing/reconnect presentation.,4,"-169,2 +169,5 | -259,0 +263 | -268,0 +273,18 | -277,24 +299,22"
lib/src/features/voting/screens/voting_status_screen.dart,lib/src/features/voting/screens/voting_status_screen.dart,M,C03;C14;UI,"Ledger session action/cancel/reconnect invocation C14/C03; status modal, progress and errors UI. Do not move SDK round-state transitions into widgets.",Adds Ledger signing modal and calls session Ledger delegation flow.,33,"-7,0 +8 | -12,0 +14,3 | -16,0 +21,4 | -29,0 +38,11 | -31 +50,5 | -285,0 +309,8 | -370 +401 | -379 +410 | -383 +414 | -406 +437 | -410 +441 | -491,0 +523 | -502 +534,22 | -518,0 +572 | -527,0 +582,4 | -531,0 +590 | -533 +591,0 | -538,0 +597 | -543 +602,9 | -776,2 +843,2 | -789,0 +857 | -797,0 +866,4 | -806,0 +879,2 | -826,0 +901 | -834,0 +910,4 | -847,0 +927 | -865,0 +946,17 | -883 +980,3 | -891 +990,3 | -928 +1029 | -933,0 +1035,6 | -992,5 +1099,6 | -1093,0 +1202,315"
lib/src/features/wallet_link/models/wallet_link_models.dart,lib/src/features/wallet_link/models/wallet_link_models.dart,M,C02;C15,"HardwareSignerKind decoding is shared C02; transfer schema, Ledger kind/model round-trip and import conversion are C15.","kWalletLinkHardwareKindLedger, ledgerDeviceModel and Ledger-supported transfer account conversion.",7,"-8,0 +9 | -353,0 +355 | -368,0 +371 | -387,0 +391,7 | -400 +410,2 | -425,0 +437 | -431,0 +444"
lib/src/features/wallet_link/providers/wallet_link_provider.dart,lib/src/features/wallet_link/providers/wallet_link_provider.dart,M,C15,Exporting signer kind and safe device model belongs to C15; never export device ID/transport preference.,Transfer payload writes hardwareKind and ledgerDeviceModel for Ledger accounts.,2,"-240 +240,2 | -248,0 +250,4"
lib/src/providers/account_models.dart,lib/src/providers/account_models.dart,M,C02;C03;C15,HardwareSignerKind and account index/birthday/signer fields are C02; Ledger preference/last transport/device connection fields are C03; JSON must remain compatible for C15 imports. Split fields by introduction order but keep decode defaults preserving legacy Keystone.,"Adds HardwareSignerKind, LedgerConnectionPreference/Transport and AccountInfo Ledger metadata serialization.",8,"-2,0 +3,43 | -7,0 +51,8 | -16,0 +68,8 | -20 +79,9 | -25,0 +93,8 | -32,0 +108,9 | -43,0 +128,10 | -49,19 +143,37"
lib/src/providers/account_provider.dart,lib/src/providers/account_provider.dart,M,C02;C03;C10;C15,"importLedgerAccount, authoritative signer metadata, duplicate/import rollback and signer queries are C02; update/record Ledger connection are C03; deletion/reset signed-operation drain/cleanup hunks are C10; LinkedWalletAccountImport signer/model handling is C15. Generic rollback changes must be reviewed as C02 shared behavior.","Adds Ledger import, hardware signer differentiation, connection persistence, Wallet Link metadata and rollbackUnpersistedAccounts.",21,"-116,0 +117 | -122,0 +124 | -129,0 +132 | -135,0 +139 | -214,4 +217,0 | -225,2 +225,13 | -321,2 +331,0 | -331,2 +340,13 | -427,8 +446,0 | -448 +459,0 | -455,4 +466,22 | -610,0 +640 | -663,0 +694,50 | -1298,0 +1379 | -1308,0 +1390,3 | -1312,2 +1396,11 | -1328,0 +1422,84 | -1385,0 +1563,3 | -1432,0 +1613,10 | -1554,0 +1745,14 | -1584,0 +1789,23"
lib/src/providers/voting/voting_service_providers.dart,lib/src/providers/voting/voting_service_providers.dart,M,C08;C14,Signer-neutral compact signature storage/build aliases are C08 interface; SDK provider wiring for Ledger delegation is C14.,Adds hardware/Ledger voting service provider aliases around current SDK APIs.,2,"-169,0 +170,8 | -540,0 +549,38"
lib/src/providers/voting/voting_session_provider.dart,lib/src/providers/voting/voting_session_provider.dart,M,C03;C08;C14,"Connection/retry/cancel boundary C03; compact PCZT signature calls C08; round selection, signature storage and delegation session transition C14. Preserve current main SDK driver and vendor guard.","Adds Ledger signature loading, validates signer kind/account, stores bundle signatures and invokes shared delegation driver.",44,"-17,0 +18 | -176,0 +178 | -324,0 +327 | -611,0 +615,7 | -613 +623,4 | -630,0 +644 | -645,0 +660,4 | -649,2 +667,2 | -686 +704 | -733,0 +752 | -839,0 +859 | -880 +900 | -884,0 +905,6 | -900 +926 | -946 +972 | -992 +1018 | -1006 +1032 | -1024 +1050 | -1026,0 +1053 | -1028 +1055,37 | -1030 +1093,3 | -1035,0 +1101,12 | -1037 +1114 | -2283 +2360 | -2288 +2365 | -3114 +3191 | -3320 +3397,3 | -3323,7 +3402,7 | -3340 +3419 | -3357,0 +3437 | -3373 +3453 | -3377,0 +3458 | -3388 +3469 | -3402 +3483 | -3409 +3490 | -3413 +3494,6 | -3630,0 +3717,3 | -3661,0 +3751 | -3860 +3950,6 | -3863,0 +3959,23 | -4334,0 +4453 | -4346,0 +4466 | -4353,0 +4474,7 | -4525 +4652"
lib/src/providers/voting/voting_state.dart,lib/src/providers/voting/voting_state.dart,M,C14,Ledger request/progress/failure state belongs to C14 while preserving new SDK terminal delegation notices.,Adds Ledger voting request/signature state fields.,14,"-11,0 +12 | -78,0 +80 | -270,0 +273 | -277,0 +281,2 | -308,0 +314 | -314,0 +321 | -336,0 +344,3 | -340,0 +351,6 | -355,0 +372,3 | -358 +377 | -382,0 +402 | -388,0 +409,2 | -425,0 +448 | -432,0 +456,3"
lib/src/providers/voting/voting_submission_job_provider.dart,lib/src/providers/voting/voting_submission_job_provider.dart,M,C03;C08;C14,"Connection lifecycle C03 and compact signer C08 feed the C14 background job; draft vote, bundle matching, cancellation and delegation transition remain C14.",Adds Ledger job branch over current VotingDraftVote/round plan and retains ballot intent recording.,32,"-11,0 +12,3 | -26,0 +30 | -51,0 +56,2 | -57,0 +64,3 | -66,0 +76,4 | -72,0 +86,3 | -82 +98,2 | -89,0 +107,2 | -96,0 +116,5 | -108,0 +133,6 | -119,0 +150,7 | -226,0 +264,6 | -306,0 +350,26 | -411 +480 | -443 +512 | -648 +717 | -656,5 +725,13 | -667 +744 | -675 +752 | -678,0 +756 | -793 +871 | -799,0 +878,65 | -811,0 +955,3 | -870 +1016 | -873,0 +1020 | -889 +1036,5 | -1038 +1189 | -1057,0 +1209,3 | -1086,0 +1241,3 | -1109,0 +1267,2 | -1118,0 +1278,2 | -1124,0 +1286,3"
lib/src/rust/api/ledger.dart,lib/src/rust/api/ledger.dart,A,C01;C08;C10,Generated API: UFVK/device/APDU types/functions C01; PCZT plans/sign/finalize/validate C08; signed-operation checkpoint/list/broadcast/ack/discard C10. Never hand-edit; regenerate after each owning PR from that PR's Rust surface.,"FRB output contains Ledger account export/device app/APDU plan, full/compact PCZT signing and signed operation APIs.",1,"-0,0 +1,492"
lib/src/rust/api/sync.dart,lib/src/rust/api/sync.dart,M,C09;C12,Generated API: ShieldTransparentStatus input count/device limit introduced by C09 and consumed by C12. Never hand-edit; regenerate in the first PR that adds the Rust fields and again for later API changes.,Adds transparentInputCount and ledgerInputLimit fields.,4,"-2405,0 +2406,2 | -2411,0 +2414,2 | -2419 +2423,3 | -2429 +2435,3"
lib/src/rust/api/wallet.dart,lib/src/rust/api/wallet.dart,M,C02;C15,Generated API: hardwareSignerKind/backfill/account birthday/index types are C02; C15 only consumes them and should not re-own generation unless its Rust schema changes. Never hand-edit.,"importHardwareAccount signer kind, backfillLegacyHardwareAccounts, richer AccountInfo and LegacyHardwareAccount.",11,"-217,0 +218 | -225,0 +227,13 | -390,0 +405,2 | -392,0 +409 | -397,0 +415,2 | -399,0 +419 | -406,0 +427,2 | -408 +430,2 | -417,0 +441,2 | -419 +444,2 | -536,0 +563,22"
lib/src/rust/frb_generated.dart,lib/src/rust/frb_generated.dart,M,C01;C02;C08;C09;C10,"Shared generated registry/wire code. Regenerate, stage and review only the delta caused by each feature PR; do not carry the final aggregate file into C01. C12-C15 regenerate only if their Rust API changes.","Aggregate FRB wiring for Ledger APIs, wallet signer metadata, shield status and signed operations.",224,"-7,0 +8 | -84 +85 | -172,0 +174,6 | -713,0 +721 | -789,0 +798,125 | -1821,0 +1955,37 | -1828 +1998 | -1870 +2040 | -1932 +2102 | -1988 +2158 | -2015 +2185 | -2040 +2210 | -2067 +2237 | -2098 +2268 | -2128 +2298 | -2177 +2347 | -2249 +2419 | -2318 +2488 | -2384 +2554 | -2436 +2606 | -2471 +2641 | -2504 +2674 | -2541 +2711 | -2586 +2756 | -2639 +2809 | -2684 +2854 | -2725 +2895 | -2770 +2940 | -2802 +2972 | -2835 +3005 | -2868 +3038 | -2903 +3073 | -2934 +3104 | -2971 +3141 | -3004 +3174 | -3038 +3208 | -3079 +3249 | -3116 +3286 | -3153 +3323 | -3192 +3362 | -3227 +3397 | -3262 +3432 | -3292 +3462 | -3325 +3495 | -3360 +3530 | -3406 +3576 | -3456 +3626 | -3489 +3659 | -3524 +3694 | -3561 +3731 | -3598 +3768 | -3633 +3803 | -3676 +3846 | -3730 +3900 | -3784 +3954 | -3823 +3993 | -3854 +4024 | -3899 +4069 | -3961 +4131 | -4019 +4189 | -4070 +4240 | -4113 +4283 | -4138 +4308 | -4166 +4336 | -4199 +4369 | -4236 +4406 | -4273 +4443 | -4310 +4480 | -4344 +4514 | -4371 +4541 | -4401 +4571 | -4437 +4607 | -4474 +4644 | -4510 +4680 | -4547 +4717 | -4582 +4752 | -4615 +4785 | -4642 +4812 | -4679 +4849 | -4714 +4884 | -4752 +4922 | -4793 +4963 | -4836 +5006 | -4873 +5043 | -4910 +5080 | -4938 +5108 | -4964 +5134 | -4998 +5168 | -5038 +5208 | -5078 +5248 | -5114 +5284 | -5141 +5311,5 | -5171 +5345 | -5205 +5379 | -5246 +5420 | -5285 +5459 | -5322 +5496 | -5359 +5533 | -5390 +5564 | -5415,0 +5590 | -5427,0 +5603 | -5431 +5607 | -5447,0 +5624 | -5464,0 +5642 | -5495 +5673 | -5563 +5741 | -5629 +5807 | -5672 +5850 | -5710 +5888 | -5759 +5937 | -5787 +5965 | -5827 +6005 | -5870 +6048 | -5896 +6074 | -5922 +6100 | -5950 +6128 | -5980,3 +6158,810 | -5985,2 +6970,3 | -5989,2 +6975,2 | -5992,2 +6978,2 | -5999 +6985 | -6001,2 +6987,2 | -6019 +7005 | -6051 +7037 | -6086 +7072 | -6138 +7124 | -6208 +7194 | -6279 +7265 | -6329 +7315 | -6364 +7350 | -6397 +7383 | -6436 +7422 | -6472 +7458 | -6510 +7496 | -6555 +7541 | -6615 +7601 | -6675 +7661 | -6734 +7720 | -6779 +7765 | -6812 +7798 | -6853 +7839 | -6912 +7898 | -6974 +7960 | -7022 +8008 | -7081 +8067 | -7137 +8123 | -7178 +8164 | -7222 +8208 | -7252 +8238 | -7285 +8271 | -7322 +8308 | -7357 +8343 | -7392 +8378 | -7434 +8420 | -7469 +8455 | -7510 +8496 | -7559 +8545 | -7588 +8574 | -7627 +8613 | -7668 +8654 | -7729 +8715 | -7785 +8771 | -7815 +8801 | -7845 +8831 | -7880 +8866 | -7916 +8902 | -7951 +8937 | -7982 +8968 | -8024 +9010 | -8078 +9064 | -8128 +9114 | -8169 +9155 | -8201 +9187 | -8228 +9214 | -8254 +9240 | -8301 +9287 | -8374 +9360 | -8436 +9422 | -8471 +9457 | -8508 +9494 | -8547 +9533 | -8576 +9562 | -8603 +9589 | -8639 +9625 | -8678 +9664 | -8719 +9705 | -8769 +9755 | -8819 +9805 | -8853 +9839 | -8884 +9870 | -8913 +9899 | -8941 +9927 | -8967 +9953 | -9013 +9999 | -9061 +10047 | -9095 +10081 | -9132 +10118 | -9265,2 +10251,2 | -9271,2 +10257,5 | -10523,0 +11513,126 | -10667 +11782,36 | -10672 +11822 | -10674 +11824 | -10678,3 +11828 | -10682,3 +11830 | -10688,2 +11834,3 | -10692 +11839 | -10697 +11844 | -10702 +11849 | -12209,2 +13356,2 | -12215,0 +13363,2 | -12839,0 +13989,2 | -12841,0 +13993 | -12845,0 +13998,2 | -12847,0 +14002 | -14340,0 +15496,140 | -14644,0 +15940,56 | -16826,0 +18178,2 | -16831,0 +18185,2 | -17590,0 +18946,2 | -17592,0 +18950 | -18812,0 +20171,107 | -19073,0 +20539,48 | -20861,0 +22375,2"
lib/src/rust/frb_generated.io.dart,lib/src/rust/frb_generated.io.dart,M,C01;C02;C08;C09;C10,"Shared generated IO wire code; same per-PR regeneration rule, never hand-edit.",Adds Ledger decoders/encoders and API platform methods.,7,"-7,0 +8 | -508,0 +510,28 | -596,0 +626,16 | -1841,0 +1887,42 | -1947,0 +2035,20 | -3492,0 +3600,54 | -3618,0 +3780,24"
lib/src/rust/frb_generated.web.dart,lib/src/rust/frb_generated.web.dart,M,C01;C02;C08;C09;C10,"Shared generated web wire code; same per-PR regeneration rule even though Ledger transport is not web-supported, to keep bridge surface consistent.",Adds Ledger decoders/encoders and API platform methods.,7,"-10,0 +11 | -510,0 +512,28 | -598,0 +628,16 | -1843,0 +1889,42 | -1949,0 +2037,20 | -3494,0 +3602,54 | -3623,0 +3785,24"
lib/widgetbook/ledger_transfer_preview.dart,lib/widgetbook/ledger_transfer_preview.dart,A,UI,Visual preview fixture only.,New Ledger transfer preview states.,1,"-0,0 +1,315"
lib/widgetbook/ledger_use_cases.dart,lib/widgetbook/ledger_use_cases.dart,A,UI,Widgetbook Ledger onboarding/signing/account/shield/swap/voting scenarios only; no core tests.,Large Ledger component and screen use-case gallery.,1,"-0,0 +1,1236"
lib/widgetbook/screen_use_cases.dart,lib/widgetbook/screen_use_cases.dart,M,UI,Registers Ledger visual screen fixtures only.,Adds Ledger screens/states to screen gallery.,10,"-51,0 +52 | -57,0 +59 | -211,0 +214,48 | -656,0 +707,4 | -1231,0 +1286,4 | -2668,0 +2727,11 | -2973,0 +3043,11 | -3469,0 +3550,104 | -3943,0 +4128,41 | -4959,0 +5185,46"
lib/widgetbook/widgetbook_app.dart,lib/widgetbook/widgetbook_app.dart,M,UI,Widgetbook category registration only.,Registers Ledger use cases.,2,"-19,0 +20 | -78,0 +80"
linux/runner/CMakeLists.txt,linux/runner/CMakeLists.txt,M,C07,Linux BLE handler/BlueZ source와 C++17 요구를 C07에 포함한다.,"ledger_ble_handler.cc, ledger_bluez_transport.cc 및 cxx_std_17이 runner target에 추가됐다.",2,"-11,0 +12,2 | -18,0 +21"
linux/runner/ledger_ble_handler.cc,linux/runner/ledger_ble_handler.cc,A,C07,파일 전체를 C07 Linux Flutter channel adapter로 둔다. native/ledger 공용 계약은 먼저 C06에서 제공한다.,"비동기 worker, cancel/drain, discovery events, pairing prompt, APDU method dispatch를 구현한다.",1,"-0,0 +1,455"
linux/runner/ledger_ble_handler.h,linux/runner/ledger_ble_handler.h,A,C07,등록 및 test factory 선언 전체를 C07에 포함한다.,register_ledger_ble_handler와 testing owner interface를 선언한다.,1,"-0,0 +1,20"
linux/runner/ledger_bluez_transport.cc,linux/runner/ledger_bluez_transport.cc,A,C07,파일 전체를 C07 BlueZ 구현으로 둔다.,"BlueZ agent pairing 확인, 대상 service 제한, GATT notify/write, 취소와 disconnect drain을 구현한다.",1,"-0,0 +1,671"
linux/runner/ledger_bluez_transport.h,linux/runner/ledger_bluez_transport.h,A,C07,BlueZ Transport interface 전체를 C07에 포함한다.,검색·pair/connect/disconnect·exchange·callback 상태 계약을 선언한다.,1,"-0,0 +1,110"
linux/runner/my_application.cc,linux/runner/my_application.cc,M,C07,ledger_ble_handler include와 register 호출 두 hunk만 C07에 포함한다.,Flutter view 생성 뒤 Linux Ledger channel handler를 등록한다.,2,"-10,0 +11 | -216,0 +218"
linux/runner/tests/channel_shim/flutter_linux/flutter_linux.h,linux/runner/tests/channel_shim/flutter_linux/flutter_linux.h,A,C07,Linux native adapter test용 최소 Flutter channel shim 전체를 C07에 포함한다.,실제 Flutter Linux 런타임 없이 handler test를 컴파일하기 위한 타입/API 선언이다.,1,"-0,0 +1,28"
linux/runner/tests/fake_bluez.h,linux/runner/tests/fake_bluez.h,A,C07,fake BlueZ bus/device/service 전체를 C07에 포함한다.,"pairing, adapter powered state, GATT characteristic 및 notification 시나리오를 제공한다.",1,"-0,0 +1,310"
linux/runner/tests/ledger_ble_handler_test.cc,linux/runner/tests/ledger_ble_handler_test.cc,A,C07,Linux Flutter handler lifecycle/channel tests 전체를 C07에 포함한다.,"handler method dispatch, cancellation and cleanup behavior를 fake messenger로 검증한다.",1,"-0,0 +1,261"
linux/runner/tests/ledger_bluez_transport_test.cc,linux/runner/tests/ledger_bluez_transport_test.cc,A,C07,BlueZ transport tests 전체를 C07에 포함한다.,"fake BlueZ를 통해 pairing, discovery/connect, exchange, timeout/cancel 경계를 검증한다.",1,"-0,0 +1,205"
linux/runner/tests/run_ledger_ble_tests.sh,linux/runner/tests/run_ledger_ble_tests.sh,A,C07,Linux native BLE test compile/run script 전체를 C07에 포함한다.,handler 및 BlueZ transport test binaries를 GLib/GIO와 빌드·실행한다.,1,"-0,0 +1,45"
linux/runner/tests/test_binary_messenger.cc,linux/runner/tests/test_binary_messenger.cc,A,C07,test binary messenger 구현 전체를 C07에 포함한다.,ledger_ble_handler channel 응답과 event를 native test에서 관찰하는 test harness다.,1,"-0,0 +1,189"
linux/runner/tests/test_binary_messenger.h,linux/runner/tests/test_binary_messenger.h,A,C07,test binary messenger 선언 전체를 C07에 포함한다.,Linux handler test용 channel capture interface를 제공한다.,1,"-0,0 +1,40"
linux/udev/20-vizor-ledger.rules,linux/udev/20-vizor-ledger.rules,A,C01,USB HID uaccess rule 전체를 C01에 포함하고 배포 패키징/설치 위치를 PR에서 검증한다.,Ledger vendor 2c97 hidraw interface에 active-session uaccess ACL을 부여한다.,1,"-0,0 +1,3"
macos/Podfile,macos/Podfile,M,C04,BLE Swift package 요구에 맞춘 macOS deployment target 11→12 변경을 C04에 포함하고 지원 OS 영향으로 명시한다.,platform :osx가 12.0으로 상승했다.,1,-1 +1
macos/Runner.xcodeproj/project.pbxproj,macos/Runner.xcodeproj/project.pbxproj,M,C04,"공유 LedgerMobileHandler source, BleTransport package/product, deployment target 12 hunks를 C04에 포함한다.",iOS handler source를 macOS target에서 공유하고 hw-transport-ios-ble 1.0.1을 link한다.,12,"-29,0 +30,2 | -81,0 +84 | -112,0 +116 | -200,0 +205 | -259,0 +265 | -306,0 +313 | -457,0 +465 | -575 +583 | -659 +667 | -709 +717 | -832,0 +841,8 | -840,0 +857,5"
macos/Runner.xcodeproj/project.xcworkspace/xcshareddata/swiftpm/Package.resolved,macos/Runner.xcodeproj/project.xcworkspace/xcshareddata/swiftpm/Package.resolved,M,C04,기존 Sparkle pin을 유지하면서 BleTransport 1.0.1 항목만 C04에서 추가한다.,hw-transport-ios-ble pin이 기존 package lock에 추가됐다.,2,"-2 +2 | -3,0 +4,9"
macos/Runner.xcworkspace/xcshareddata/swiftpm/Package.resolved,macos/Runner.xcworkspace/xcshareddata/swiftpm/Package.resolved,M,C04,Runner workspace의 BleTransport 1.0.1 항목만 C04에서 추가하고 project workspace lock과 일치시킨다.,hw-transport-ios-ble pin이 기존 package lock에 추가됐다.,2,"-2 +2 | -3,0 +4,9"
macos/Runner/DebugProfile.entitlements,macos/Runner/DebugProfile.entitlements,M,C01;C04,"com.apple.security.device.usb 키는 C01, com.apple.security.device.bluetooth 키는 C04에서 별도 hunk로 추가한다.",동일 dict에 USB HID와 Apple BLE sandbox entitlement가 각각 추가됐다.,1,"-23,0 +24,4"
macos/Runner/Info.plist,macos/Runner/Info.plist,M,C04,NSBluetoothAlwaysUsageDescription만 C04에 포함한다.,Ledger hardware wallet Bluetooth 연결 권한 문구가 추가됐다.,1,"-41,0 +42,2"
macos/Runner/MainFlutterWindow.swift,macos/Runner/MainFlutterWindow.swift,M,C04,"Ledger handler/channel 필드, deinit close, registerLedgerBleChannels 호출과 메서드만 C04에 포함한다.",macOS Flutter engine messenger에 공유 Apple BLE handler를 등록한다.,4,"-1042,0 +1043,3 | -1044,0 +1048 | -1083,0 +1088,3 | -1091,0 +1099,22"
macos/Runner/Release.entitlements,macos/Runner/Release.entitlements,M,C01;C04,"device.usb는 C01, device.bluetooth는 C04에서 별도 hunk로 추가한다.",release sandbox에 USB HID와 Bluetooth 권한이 동시에 추가됐다.,1,"-21,0 +22,4"
native/ledger/ble_operation_gate.h,native/ledger/ble_operation_gate.h,A,C06,공용 native operation generation/busy gate를 C06 선행 hunk로 추가한다. C07은 이 header에 의존한다.,Begin/Cancel/Finish/IsActive로 late native callback을 배제하는 transport-neutral helper다.,1,"-0,0 +1,36"
native/ledger/ble_protocol.h,native/ledger/ble_protocol.h,A,C06,공용 Ledger BLE UUID/framing/MTU/status/app-info protocol을 C06에서 먼저 추가한다. C07은 그대로 소비한다.,"kServices, FrameApdu, ResponseAssembler, NegotiatedMtu, RequireSuccess, DecodeAppInfo를 정의한다.",1,"-0,0 +1,170"
rust/Cargo.lock,rust/Cargo.lock,M,C01;C08,"C01 Cargo.toml 반영 후 lock을 재생성하고, C08 secp256k1 추가 후 다시 재생성한다. 최종 lockfile 전체를 C01에 복사하지 않는다.","ledger-apdu/transport/transport-hid, hidapi 등은 C01 계열이고 secp256k1은 C08 계열로 유입된다.",7,"-189,0 +190,6 | -2418,0 +2425,13 | -3013,0 +3033,37 | -3265,0 +3322,6 | -4513,0 +4576,2 | -4524,0 +4589 | -5118,0 +5184,21"
rust/Cargo.toml,rust/Cargo.toml,M,C01;C08,"ledger-transport 및 ledger-transport-hid target dependencies는 C01, secp256k1은 transparent signature 검증이 도입되는 C08에 추가한다.",USB HID crates와 secp256k1 0.29가 서로 다른 기능을 위해 추가됐다.,2,"-22,0 +23 | -157,0 +159,4"
rust/examples/ledger_zcash_poc.rs,rust/examples/ledger_zcash_poc.rs,A,C01;C08,"version/ufvk CLI 명령은 C01, sign 명령과 SpendAuthSignature 출력은 C08에서 추가한다.","run()의 세 subcommand 중 version·ufvk는 device/UFVK transport를, sign은 PCZT signer를 직접 호출한다.",1,"-0,0 +1,56"
rust/examples/ledger_zcash_speculos_poc.rs,rust/examples/ledger_zcash_speculos_poc.rs,A,C01;C02;C08;C09;C11;C14,"C01/C02에는 UFVK export/import와 공용 Speculos client/config, C08에는 base signing smoke/plan/finalizer 및 transparent fixture, C09에는 post-Ironwood Orchard→Ironwood canary fixture, C11에는 tex_smoke_pczts, C14에는 ironwood_voting_smoke_pczt를 심볼별로 추가한다. 후속 심볼이 필요한 import/CLI option도 해당 PR에서만 추가한다.","한 개발 harness 안에 ledger_export_account, full signing, post_ironwood_orchard_spend_pczt, tex_smoke_pczts, ironwood_voting_smoke_pczt가 모두 존재한다.",1,"-0,0 +1,1434"
rust/src/api/ledger.rs,rust/src/api/ledger.rs,A,C01;C02;C03;C08;C10,"C01: LedgerApduCommand/UfvkPlan/DeviceApp와 device_app/open/export_ufvk/build_ufvk; C02: LedgerAccountExport, export_account, mobile UFVK parse, fingerprint와 mainnet/account metadata helper; C03: ledger_cancel_operation bridge; C08: PcztPlan/ActionSig, validate/build/finalize/sign PCZT 및 expected account; C10: SignedOperation DTO와 checkpoint/list/broadcast/ack/discard 및 DB-network helper. 공용 to_apdu_command는 최초 소비 PR에 둔다.",FRB API가 장치/계정/취소/서명/내구 저장의 다섯 표면을 한 파일에 노출한다.,1,"-0,0 +1,469"
rust/src/api/mod.rs,rust/src/api/mod.rs,M,C01,pub mod ledger 선언은 첫 Ledger API가 생기는 C01에 포함한다.,ledger API module export 한 줄이 추가됐다.,1,"-1,0 +2"
rust/src/api/sync.rs,rust/src/api/sync.rs,M,C09,ShieldTransparentStatus의 transparent_input_count와 ledger_input_limit 필드 및 get_shield_transparent_status mapping을 C09 planner 계약에 포함한다. C12 UI/round 실행이 이 결과를 소비한다.,Ledger 32-input 계획 한도와 실제 선택 입력 수를 bridge DTO로 노출한다.,2,"-1087,0 +1088,2 | -2257,0 +2260,2"
rust/src/api/wallet.rs,rust/src/api/wallet.rs,M,C02,"AccountInfo metadata 필드, LegacyHardwareAccount DTO, import_hardware_account signer-kind 인자, backfill API, list mapping을 C02에 포함한다.",birthday/index/hardware_signer_kind를 bridge에 노출하고 Ledger/Keystone 구분을 import 및 backfill에 전달한다.,8,"-70,0 +71,2 | -72,0 +75,7 | -900,0 +910 | -903,0 +914 | -911,0 +923 | -919,0 +932,20 | -930,0 +963,2 | -932,0 +967"
rust/src/frb_generated.rs,rust/src/frb_generated.rs,M,C01;C02;C03;C08;C09;C10,"직접 hunk 이관하지 않는다. 각 API PR에서 scripts/generate-rust-bridge.sh로 그 시점 표면만 재생성한다: C01 device/UFVK, C02 account metadata/import, C03 cancel, C08 PCZT signing, C09 shield status, C10 signed operations.","최종 생성물에 ledger_* wire functions, hardware signer/account fields, ledger_input_limit 및 signed-operation codecs가 모두 누적돼 있다.",73,"-41 +41 | -164 +164 | -239 +239 | -701,0 +702,40 | -4308,0 +4349 | -4319,0 +4361 | -4663 +4705,760 | -4667,2 +5468,2 | -4670,3 +5471,3 | -4685,4 +5486,6 | -4692 +5495,2 | -4696,2 +5500,2 | -4699,3 +5503,3 | -4712,0 +5517,3 | -4714,4 +5521,10 | -4721 +5534,2 | -4725,2 +5539,2 | -4728,3 +5542,3 | -4741,0 +5556,4 | -4743,4 +5561,11 | -4750 +5575 | -4758 +5583 | -4772 +5597,4 | -4776,2 +5604,6 | -4784 +5616,2 | -4788,2 +5621,2 | -4791,3 +5624,3 | -4805,2 +5638 | -4808,8 +5640,7 | -6960 +7791 | -8349,0 +9181,2 | -8351,0 +9185 | -8355,0 +9190,2 | -8357,0 +9194 | -9556,0 +10394,144 | -9763 +10744,57 | -9771 +10808 | -9777,3 +10814 | -9785 +10820 | -9791,3 +10826 | -9799 +10832 | -9805 +10838 | -9813 +10846 | -9819 +10852 | -9827 +10860 | -9833 +10866,3 | -9839 +10874 | -9845 +10880,3 | -12026,0 +13064,2 | -12031,0 +13071,2 | -12678,151 +13719,172 | -12856 +13918 | -12861,2 +13923,2 | -12867 +13929 | -12870 +13932 | -12875,3 +13937,3 | -12882,6 +13944,6 | -12890,4 +13952,4 | -12896,2 +13958,2 | -12902,3 +13964,3 | -12909,3 +13971,3 | -12916 +13978 | -12921,3 +13983,3 | -12926 +13988 | -13002,0 +14065,2 | -13004,0 +14069 | -14686,0 +15752,203 | -16214,0 +17483,2 | -17140,0 +18411,2 | -17142,0 +18415 | -18015,0 +19289,89 | -18235,0 +19598,40 | -19919,0 +21322,2"
rust/src/wallet/keys.rs,rust/src/wallet/keys.rs,M,C02;C10,"C02: HardwareSignerKind/key_source, import/list/export metadata, validated legacy hardware backfill, get_ledger_account_signing_metadata와 관련 tests. C10: delete_account_rows의 delete_signed_operations_for_account_with_tx 호출 및 계정별 operation 삭제 test만 나중에 추가한다.",계정 식별 로직과 signed-operation row cleanup이 같은 파일의 서로 다른 함수에 섞여 있다.,29,"-36,0 +37,2 | -48,0 +51,38 | -444,2 +484,3 | -458,0 +500 | -486 +528,7 | -490 +538,4 | -576,0 +628,2 | -578,0 +632 | -586,0 +641,5 | -655,6 +714,3 | -663,0 +720 | -667,0 +725,4 | -669 +730,2 | -675,0 +738,67 | -688 +817 | -710,0 +840,29 | -748 +906 | -762 +920,5 | -862,0 +1025,5 | -1114 +1281 | -1279,0 +1447,22 | -1505,0 +1695 | -1886,0 +2077 | -1894,0 +2086,4 | -1937,0 +2133,183 | -1983,0 +2362 | -1994,0 +2374 | -1998,0 +2379,13 | -2043,0 +2437,81"
rust/src/wallet/ledger/apdu.rs,rust/src/wallet/ledger/apdu.rs,A,C01,"UFVK command 생성, raw response/status/size 검증 전체를 C01에 포함한다.","ufvk_commands, decode_raw_ufvk_responses/chunks, map_status_word와 boundary tests로 구성된다.",1,"-0,0 +1,185"
rust/src/wallet/ledger/mod.rs,rust/src/wallet/ledger/mod.rs,A,C01;C03;C08;C09;C10,"C01: module shell, transport, DeviceAppInfo, OperationContext/lock/timeouts, get/open app, get_ufvk, base cancelable USB lifecycle; C03: cancellation generation semantics을 공통 연결 계약과 맞추는 cancel_operation/classify tests; C08: ExpectedAccount·derivation/fingerprint 검증, signing plan/finalize/sign/apply/cooldown와 parse/serializer use; C09: validate_pczt_release_support 및 legacy Orchard→Ironwood guard; C10: operations module/re-export만 추가한다. 각 단계에서 아직 없는 module/use/re-export를 선언하지 않는다.","하나의 1362-line module이 USB lifecycle, operation gate, PCZT signer, release guard, durable-operation re-export를 모두 가진다.",1,"-0,0 +1,1362"
rust/src/wallet/ledger/operations.rs,rust/src/wallet/ledger/operations.rs,A,C10,파일 전체를 C10에 포함한다.,"vizor_ledger_signed_operations schema, checkpoint/batch, list, broadcast guard/outcome, ack/discard, account cleanup과 expiry/identifier 검증을 구현한다.",1,"-0,0 +1,1121"
rust/src/wallet/ledger/parse.rs,rust/src/wallet/ledger/parse.rs,A,C08,PCZT→Ledger signing model parser 전체를 C08에 포함한다.,transparent/Orchard/Ironwood bundles와 derivation metadata를 서명 검증용 구조로 변환한다.,1,"-0,0 +1,643"
rust/src/wallet/ledger/serializer.rs,rust/src/wallet/ledger/serializer.rs,A,C08,PCZT APDU serializer 및 기기 limits 상수 전체를 C08에 포함한다. C09는 여기의 MAX_* 계약에 의존한다.,"serialize_pczt, derivation packing, packet framing, MAX_TRANSPARENT_INPUTS/OUTPUTS 및 MAX_SHIELDED_ACTIONS를 제공한다.",1,"-0,0 +1,481"
rust/src/wallet/ledger/transport.rs,rust/src/wallet/ledger/transport.rs,A,C01;C08,"C01: HID/Speculos backend 연결, app/version/open/close, UFVK, generic exchange/read/write/framing/cancel polling. C08: TransportPurpose::Signing 및 signing Speculos URL, connect_signing, send_pczt, sign_action, sign_transparent_input, transparent signature decoder와 signing-specific tests/review-busy behavior. signing 심볼이 serializer를 요구하므로 C01에 선행 포함하지 않는다.",USB 물리 transport와 PCZT/signature 명령이 같은 LedgerTransport impl에 섞여 있다.,1,"-0,0 +1,1111"
rust/src/wallet/mod.rs,rust/src/wallet/mod.rs,M,C01,pub mod ledger 선언은 C01 module 도입과 함께 추가한다.,wallet Ledger module export 한 줄이 추가됐다.,1,"-8,0 +9"
rust/src/wallet/sync/mod.rs,rust/src/wallet/sync/mod.rs,M,C10,pczt module visibility와 store_and_broadcast_signed_pczts re-export 변경만 C10에 포함한다.,내구 저장된 PCZT를 proposal store 없이 broadcast하는 새 내부 entrypoint를 노출한다.,2,"-30,0 +31 | -62 +63"
rust/src/wallet/sync/pczt.rs,rust/src/wallet/sync/pczt.rs,M,C10,"release_signed_pczt_operation_after_failure, optional proposal를 받는 store_and_broadcast_pczts_inner, store_and_broadcast_signed_pczts 및 관련 finish/release test hunks를 C10에 포함한다. 기존 proposal path 동작 보존을 함께 검증한다.",checkpoint operation broadcast가 in-memory proposal 없이 기존 validate/store/broadcast 경로를 재사용하도록 리팩터링됐다.,15,"-1354,0 +1355,12 | -1452,0 +1465,9 | -1523,4 +1543,0 | -1540,0 +1558,49 | -1554 +1620 | -1572,3 +1638,2 | -1588,3 +1653,2 | -1609,5 +1673,10 | -1635,5 +1704 | -1660 +1725 | -1735,2 +1800,4 | -1761,2 +1828,6 | -2710 +2781 | -3084 +3155,2 | -3086,0 +3159,9"
rust/src/wallet/sync/send.rs,rust/src/wallet/sync/send.rs,M,C09,"ledger_selection module/use, propose/fee/max validation, shield status count/limit, Ledger shielding cap, reserved-note selection, spend policy/change strategy, CappedShieldingInputSource 전부 C09에 포함한다. C12는 이 planner API를 호출만 한다.","Ledger 여부에 따라 MAX limits, Sapling 배제, per-pool selection, fee/Max/proposal 일치를 강제한다.",23,"-36,0 +37 | -37,0 +39,2 | -56 +59,2 | -512,0 +517,4 | -811,0 +820,3 | -944,0 +956,3 | -962,0 +977,11 | -993,6 +1018,16 | -1003,0 +1039,2 | -1007,0 +1045,10 | -1044 +1091 | -1127 +1174 | -3265,0 +3313,3 | -3271 +3321 | -3285,14 +3335,17 | -3300 +3353,31 | -3346,0 +3430,33 | -3348 +3464 | -3349,0 +3466,3 | -3351 +3470 | -3367 +3486,13 | -3740,0 +3872,156 | -6255,4 +6542,14"
rust/src/wallet/sync/send/ironwood_migration/plan_child.rs,rust/src/wallet/sync/send/ironwood_migration/plan_child.rs,M,C09,ignored macOS 실기기 fixture test module만 C09에 포함한다. 자동 지원 증거로 쓰지 말고 현재 차단된 Orchard→Ironwood 조합을 future-app canary로만 설명한다.,build_device_controlled_ironwood_pczt는 unlocked Ledger가 필요한 #[ignore] 테스트이며 migration release guard 검증용 fixture를 만든다.,1,"-480,0 +481,146"
rust/src/wallet/sync/send/ledger_selection.rs,rust/src/wallet/sync/send/ledger_selection.rs,A,C09,파일 전체를 C09에 포함한다.,"Ledger account 감지, 지원 조합 검증, pool별 action budget, eligible note selection, fee-aware maximum과 경계 tests를 구현한다.",1,"-0,0 +1,836"
rust/src/wallet/sync/send/tests.rs,rust/src/wallet/sync/send/tests.rs,M,C09,Ledger-aware planner/selection 기대값과 변경된 shared fixture hunks만 C09에 포함하고 기존 테스트의 의미를 보존한다.,send.rs의 Ledger selector 및 limit 적용으로 인한 proposal/fee/selection 회귀를 검증하도록 변경됐다.,2,"-3196 +3196 | -3305,0 +3306,112"
scripts/e2e/flutter-macos-ledger-speculos.sh,scripts/e2e/flutter-macos-ledger-speculos.sh,A,C01;C02;C08;C09;C10;C11;C12;C13;C14,desktop Speculos fixture 생성·기능별 scenario runner,서로 다른 UFVK/signing Speculos 인스턴스와 send/TEX/shield/pay/swap/voting 필터를 설정,1,"-0,0 +1,113"
scripts/e2e/flutter-mobile-ledger-speculos.sh,scripts/e2e/flutter-mobile-ledger-speculos.sh,A,C02;C08;C09;C10;C11;C12;C13;C14,mobile form-factor Speculos fixture·scenario runner,HTTP bridge와 mobile define으로 시나리오 실행; BLE stack/물리 기기를 검증하지 않음,1,"-0,0 +1,119"
scripts/ledger-ble-probe/.gitignore,scripts/ledger-ble-probe/.gitignore,A,C05,Android BLE probe 생성물 제외,probe 로컬 산출물만 제외,1,"-0,0 +1,4"
scripts/ledger-ble-probe/AndroidManifest.xml,scripts/ledger-ble-probe/AndroidManifest.xml,A,C05,raw Android GATT probe 권한·앱 선언,BLUETOOTH_SCAN/CONNECT 권한과 별도 probe package,1,"-0,0 +1,13"
scripts/ledger-ble-probe/Probe.java,scripts/ledger-ble-probe/Probe.java,A,C05,Android OS GATT reconnect 진단 fixture,"Vizor/DMK를 우회해 scan, connect, write, notification, reconnect만 검사하며 스스로 E2E가 아님을 명시",1,"-0,0 +1,111"
scripts/ledger-ble-probe/README.md,scripts/ledger-ble-probe/README.md,A,C03;C04;C05;C06;C07,BLE 진단 절차와 증거 한계 문서,"raw GATT·DMK probe와 Apple source, Windows/Linux 결과를 구분하고 실제 firmware/RF/Speculos 통합 증거가 아니라고 명시",1,"-0,0 +1,343"
scripts/ledger-ble-probe/dmk/build.gradle.kts,scripts/ledger-ble-probe/dmk/build.gradle.kts,A,C05,공식 Android DMK/production handler probe 빌드,DMK 0.0.4와 LedgerMobileHandler 및 Android 단위 테스트 소스를 결합,1,"-0,0 +1,34"
scripts/ledger-ble-probe/dmk/gradle.properties,scripts/ledger-ble-probe/dmk/gradle.properties,A,C05,DMK probe 빌드 설정,독립 Android probe project 설정,1,"-0,0 +1"
scripts/ledger-ble-probe/dmk/settings.gradle.kts,scripts/ledger-ble-probe/dmk/settings.gradle.kts,A,C05,DMK probe project 선언,LedgerDmkBleProbe 독립 Gradle project,1,"-0,0 +1,3"
scripts/ledger-ble-probe/dmk/src/main/AndroidManifest.xml,scripts/ledger-ble-probe/dmk/src/main/AndroidManifest.xml,A,C05,DMK probe 권한·앱 선언,Internet와 Bluetooth scan/connect 권한,1,"-0,0 +1,10"
scripts/ledger-ble-probe/dmk/src/main/java/app/vizor/dmkprobe/BridgeProbe.kt,scripts/ledger-ble-probe/dmk/src/main/java/app/vizor/dmkprobe/BridgeProbe.kt,A,C03;C05,production Android handler loopback fixture,LedgerMobileHandler discovery/connect/exchange method-channel 호출; 실제 Ledger signer가 아님,1,"-0,0 +1,91"
scripts/ledger-ble-probe/dmk/src/main/java/app/vizor/dmkprobe/DmkProbe.kt,scripts/ledger-ble-probe/dmk/src/main/java/app/vizor/dmkprobe/DmkProbe.kt,A,C05,공식 DMK framing·stale response fixture,GetAppAndVersion와 APDU/reconnect를 synthetic peer에 수행하고 signature가 아님을 명시,1,"-0,0 +1,84"
scripts/ledger-ble-probe/dmk/src/main/java/app/vizor/dmkprobe/HandlerProbe.kt,scripts/ledger-ble-probe/dmk/src/main/java/app/vizor/dmkprobe/HandlerProbe.kt,A,C03;C05,production handler cleanup·재연결 fixture,normal APDU 뒤 disconnect cleanup 중 exchange 차단과 재사용을 확인,1,"-0,0 +1,125"
scripts/ledger-ble-probe/dmk/src/main/java/io/flutter/plugin/common/Channels.kt,scripts/ledger-ble-probe/dmk/src/main/java/io/flutter/plugin/common/Channels.kt,A,C03;C05,handler probe용 최소 Flutter channel shim,production handler를 독립 JVM/Android fixture에서 실행하기 위한 test adapter,1,"-0,0 +1,21"
scripts/ledger-ble-probe/peripheral.py,scripts/ledger-ble-probe/peripheral.py,A,C05,raw Android GATT 가상 peripheral,Ledger 모양 UUID를 쓰지만 Ledger framing/signing은 하지 않는다고 명시,1,"-0,0 +1,60"
scripts/ledger-ble-probe/run-android.sh,scripts/ledger-ble-probe/run-android.sh,A,C05,raw GATT probe 설치·권한·실행 wrapper,별도 app.vizor.bleprobe만 설치하고 emulator Bluetooth 경로를 실행,1,"-0,0 +1,44"
scripts/ledger-ble-probe/run-dmk.sh,scripts/ledger-ble-probe/run-dmk.sh,A,C05,DMK probe 설치·실행 wrapper,Vizor 앱을 교체하지 않는 공식 DMK fixture임을 명시,1,"-0,0 +1,39"
scripts/ledger-ble-probe/sdk_peripheral.py,scripts/ledger-ble-probe/sdk_peripheral.py,A,C05,DMK용 single-frame synthetic BLE peer,GetApp/version/APDU status를 합성하며 wallet/key/signature가 없음,1,"-0,0 +1,77"
test/app_bootstrap_test.dart,test/app_bootstrap_test.dart,M,C02,bootstrap signer kind·Ledger metadata 병합과 legacy backfill,"Rust signer kind 신뢰, connection preference/transport/device metadata 보존 검사",6,"-5,0 +6,35 | -31,16 +66,18 | -48,5 +85,5 | -54,8 +91,9 | -113,0 +152 | -130,0 +170,72"
test/app_ledger_first_account_onboarding_test.dart,test/app_ledger_first_account_onboarding_test.dart,A,C02;UI,"첫/추가 Ledger 계정 import 수명주기는 C02, 비밀번호·화면 전환은 UI","첫 계정은 password 후 import·Home, 추가 계정은 password 생략",1,"-0,0 +1,269"
test/core/navigation/mobile_routes_test.dart,test/core/navigation/mobile_routes_test.dart,M,UI;C13,hardware details 라우트는 UI; swap draft fake API 보정은 C13,MobileHardwareAccountDetailsScreen Cupertino push와 settlePcztDraftAfterLedgerBroadcast fixture,3,"-19,0 +20 | -210,0 +212,18 | -676,0 +696,6"
test/features/accounts/accounts_screen_test.dart,test/features/accounts/accounts_screen_test.dart,M,C02;C03;UI,"독립 계정·metadata 계약은 C02, transport preference는 C03, row/menu/details 렌더링은 UI","Ledger A/B 그룹핑 없음, signer badge, USB-only model 설정, add-account action 검증",15,"-17,0 +18 | -21,0 +23,2 | -147,0 +151,41 | -301,0 +346,2 | -302,0 +349,2 | -420 +468 | -434,0 +483,2 | -452,0 +503 | -457 +508,9 | -460 +519,7 | -462,0 +528,172 | -1421,0 +1659 | -1456,0 +1695,11 | -1473,0 +1723,4 | -1579,0 +1833,2"
test/features/accounts/mobile_accounts_screen_test.dart,test/features/accounts/mobile_accounts_screen_test.dart,M,C02;UI,"signer/account recovery metadata는 C02, 모바일 목록·details routing은 UI",Ledger 계정 독립성과 Keystone/Ledger hardware details의 birthday/index 표시,12,"-22,0 +23 | -36,0 +38 | -38,0 +41,3 | -42 +47 | -45,0 +51,3 | -78,0 +87,6 | -88,0 +103,6 | -94,0 +115,3 | -330,0 +354,33 | -402,0 +459 | -426,11 +483,23 | -438,16 +507,45"
test/features/accounts/mobile_ledger_account_details_layout_test.dart,test/features/accounts/mobile_ledger_account_details_layout_test.dart,A,C02;UI,"known recovery metadata 유지 계약은 C02, 320px/RTL/scale/copy layout은 UI","birthday load 실패, missing values, add account 미노출 및 좁은 화면 적합성",1,"-0,0 +1,245"
test/features/home/home_desktop_screen_test.dart,test/features/home/home_desktop_screen_test.dart,M,C12;UI,"Ledger shield 진입 dispatch는 C12, overlay 노출은 UI",Ledger hardware account가 전용 shielding approval surface를 연다,8,"-20,0 +21,2 | -1098,0 +1101,31 | -1430,0 +1464 | -1445,0 +1480 | -1450,0 +1486,4 | -1531,0 +1571,31 | -1543,0 +1614 | -1547,2 +1618,10"
test/features/home/ledger_shielding_limit_notice_provider_test.dart,test/features/home/ledger_shielding_limit_notice_provider_test.dart,A,C09;C12;UI,"입력 한도·round 수 계산은 C09/C12, 설명 copy는 UI",한도 초과 approvals 수와 한도 이내/비Ledger silent 상태 검사,1,"-0,0 +1,148"
test/features/home/mobile_home_screen_test.dart,test/features/home/mobile_home_screen_test.dart,M,C12;UI,"Ledger shield route/한도 초과 허용은 C12, 모바일 navigation은 UI",전용 route와 input limit 초과시에도 shield action 유지,10,"-15,0 +16 | -27,0 +29 | -28,0 +31,2 | -180,12 +184,13 | -235,0 +241,2 | -269,0 +277,7 | -340 +354,3 | -350,0 +367 | -2123 +2140 | -2355,0 +2373,99"
test/features/ledger/ledger_account_service_test.dart,test/features/ledger/ledger_account_service_test.dart,A,C02,UFVK 기반 중복 검사와 account-scoped import metadata,같은 index가 아니라 UFVK를 비교하고 model/index/birthday/transport metadata를 전달,1,"-0,0 +1,113"
test/features/ledger/ledger_app_readiness_service_test.dart,test/features/ledger/ledger_app_readiness_service_test.dart,A,C01;C03,"앱/version protocol gate는 C01, 연결 실패 분류·재시도 상태는 C03","dashboard→open, minimum 3.9.3, permission/USB failure와 mobile BLE service 경로",1,"-0,0 +1,353"
test/features/ledger/ledger_capability_test.dart,test/features/ledger/ledger_capability_test.dart,A,C01;C03;C04;C05;C06;C07;C09,"공통 support/version/모델 계약은 C01/C03, OS transport matrix는 C04~C07, migration guard는 C09",mainnet/platform/Bluetooth/model/version와 legacy Orchard quarantine를 검사,1,"-0,0 +1,193"
test/features/ledger/ledger_connection_guide_test.dart,test/features/ledger/ledger_connection_guide_test.dart,A,C01;C03;UI,"minimum-version/active request guard는 core, guide copy/link는 UI","실제 version constant, support article, active connection 중 guide 차단",1,"-0,0 +1,100"
test/features/ledger/ledger_connection_recovery_test.dart,test/features/ledger/ledger_connection_recovery_test.dart,A,C03,중복 recovery 합류·명시적 retry·late completion 배제,invalid pairing typed instruction 보존과 dispose 후 callback 무시,1,"-0,0 +1,84"
test/features/ledger/ledger_connection_service_test.dart,test/features/ledger/ledger_connection_service_test.dart,A,C03;C04;C05;C06;C07,"공통 selection/fallback/cancel 계약은 C03, 각 platform preference cases는 해당 adapter PR","Linux/Windows USB/Bluetooth preference, explicit USB no fallback, known USB-only model, post-start fallback 금지",1,"-0,0 +1,640"
test/features/ledger/ledger_error_messages_test.dart,test/features/ledger/ledger_error_messages_test.dart,A,C03;C09;UI,"typed failure 분류는 C03/C09, 사용자 문구는 UI","USB failure, account mismatch, capacity, pairing invalid, cancel과 unrelated failure copy 분기",1,"-0,0 +1,162"
test/features/ledger/ledger_immediate_migration_service_test.dart,test/features/ledger/ledger_immediate_migration_service_test.dart,A,C08;C09,"migration request의 prepare/sign/proof-wait/complete/finally-discard는 C09 residual unsupported 경로에 보존하고, PCZT signature shape 검증만 C08",requestId 기반 migration request lifecycle과 signature count/pool/action 변환을 검사하며 signed-operation checkpoint DB는 사용하지 않음,1,"-0,0 +1,339"
test/features/ledger/ledger_mobile_ble_service_test.dart,test/features/ledger/ledger_mobile_ble_service_test.dart,A,C03;C04;C05,"Dart method-channel typed contract·retry/cancel은 C03, Apple/Android native mapping fixture는 C04/C05","permission mapping, 0x6901 bounded retry, UFVK review restart, signing cancellation, pairing invalid",1,"-0,0 +1,472"
test/features/ledger/ledger_native_ble_probe_test.dart,test/features/ledger/ledger_native_ble_probe_test.dart,A,C03;C04;C05,native channel source probe; Apple/Android handler 등록·method surface 확인,소스 정적 검증이며 runtime BLE/물리 장치 증거가 아님,1,"-0,0 +1,144"
test/features/ledger/ledger_operation_recovery_test.dart,test/features/ledger/ledger_operation_recovery_test.dart,A,C10;C13,"일반 signed-operation state/idempotency는 C10, deadline/order result adapter는 C13","prefix matching, retryable broadcast, expired send/deposit discard, result checkpoint, trailing recovery pass",1,"-0,0 +1,509"
test/features/ledger/ledger_pairing_code_provider_test.dart,test/features/ledger/ledger_pairing_code_provider_test.dart,A,C03;C07;UI,"typed pairing event/provider는 C03/C07, 사용자 노출은 UI",Linux connection channel의 well-formed code만 노출하고 prompt 종료시 제거,1,"-0,0 +1,64"
test/features/ledger/ledger_shield_signing_overlay_test.dart,test/features/ledger/ledger_shield_signing_overlay_test.dart,A,C09;C10;C12;UI,"capacity/round/checkpoint 실행은 C09/C10/C12, overlay 상태·copy는 UI","32개 단위 round, no-progress/remaining-read 실패 중단, broadcast 전 checkpoint 검사",1,"-0,0 +1,496"
test/features/ledger/ledger_signing_modal_test.dart,test/features/ledger/ledger_signing_modal_test.dart,A,C03;C10;UI,"reconnect와 cancel/checkpoint action semantics는 C03/C10, modal layout/status/copy는 UI","reconnect가 sign하지 않음, saving 중 cancel 없음, Linux pairing code, narrow/RTL states",1,"-0,0 +1,818"
test/features/ledger/ledger_signing_service_test.dart,test/features/ledger/ledger_signing_service_test.dart,A,C03;C08;C09,"operation gate/cancel은 C03, signature validation/cooldown은 C08, release guard는 C09","동시 stream 직렬화, failure 뒤 cooldown, account/signature mismatch, unsupported recovery before transport",1,"-0,0 +1,105"
test/features/ledger/ledger_voting_signing_service_test.dart,test/features/ledger/ledger_voting_signing_service_test.dart,A,C08;C14,"compact signature shape/cryptographic match는 C08, bundle mapping은 C14",정확히 한 개 64-byte Ironwood signature와 pool/action/count mismatch fail-closed,1,"-0,0 +1,232"
test/features/ledger/mobile_ledger_swap_signing_surface_test.dart,test/features/ledger/mobile_ledger_swap_signing_surface_test.dart,A,C10;C13;UI,"checkpoint/broadcast/deadline/cancel 실행은 C10/C13, 모바일 signing surface는 UI","durable completion 전 back 차단, unsignable request abandon, checkpoint retry와 order expiry",1,"-0,0 +1,687"
test/features/migration/ironwood_migration_announcement_provider_test.dart,test/features/migration/ironwood_migration_announcement_provider_test.dart,M,C09,Ledger legacy Orchard migration 차단,Ledger Orchard funds에도 migration UI를 제안하지 않음,6,"-301,0 +302,50 | -1102,0 +1153 | -1106 +1157,3 | -1164 +1217 | -1167 +1220 | -1173 +1226,5"
test/features/migration/ironwood_migration_flow_screen_test.dart,test/features/migration/ironwood_migration_flow_screen_test.dart,M,C09;UI,"migration route guard는 C09, blocked screen behavior는 UI",Ledger가 desktop migration flow에 진입하지 못함,12,"-24,0 +25,2 | -512,0 +515,21 | -1342,0 +1366,23 | -5372,0 +5419 | -5384,0 +5432 | -5516 +5564,4 | -5555,0 +5607,4 | -6211 +6266,4 | -6215 +6273 | -6221,0 +6280,2 | -6250,0 +6311,3 | -6323,0 +6387,116"
test/features/migration/mobile_ironwood_migration_flow_screen_test.dart,test/features/migration/mobile_ironwood_migration_flow_screen_test.dart,M,C09;UI,"mobile migration route guard는 C09, 화면 격리는 UI",Ledger private/mobile migration route quarantine,14,"-39,0 +40,2 | -188,0 +191,4 | -190,2 +196,4 | -714 +722,4 | -723,0 +735 | -841,0 +854 | -995,2 +1008,7 | -1264,0 +1283,107 | -1961,0 +2087 | -1988,0 +2115,8 | -4699 +4833 | -4772 +4906 | -5164 +5298 | -8567,0 +8702,18"
test/features/onboarding/ledger_connect_screen_test.dart,test/features/onboarding/ledger_connect_screen_test.dart,A,C01;C02;C03;C06;C07;UI,"UFVK export/import와 duplicate는 C01/C02, transport/readiness/cancel은 C03·desktop adapters, picker/form/layout은 UI","Linux/Windows transport, version failure, advanced account index, device approval/cancel, sidebar artwork 검사",1,"-0,0 +1,1002"
test/features/onboarding/ledger_setup_desktop_test.dart,test/features/onboarding/ledger_setup_desktop_test.dart,A,C02;UI,"import callback metadata는 C02, birthday/name/avatar setup flow는 UI",approved account export 후 birthday/customization을 거쳐 import,1,"-0,0 +1,201"
test/features/onboarding/mobile_customise_account_screen_test.dart,test/features/onboarding/mobile_customise_account_screen_test.dart,M,C02;UI,"Ledger account setup metadata 연결은 C02, name/avatar UI는 UI",Ledger customisation callback과 mnemonic 없는 import 경로,2,"-14,0 +15,2 | -367,0 +370,140"
test/features/onboarding/mobile_ledger_birthday_screen_test.dart,test/features/onboarding/mobile_ledger_birthday_screen_test.dart,A,C02;UI,"birthdayHeight 전달은 C02, 입력·계속 화면은 UI",Ledger birthday callback과 known height submission,1,"-0,0 +1,156"
test/features/onboarding/mobile_ledger_connect_screen_test.dart,test/features/onboarding/mobile_ledger_connect_screen_test.dart,A,C02;C03;C04;C05;UI,"UFVK duplicate/import는 C02, BLE discovery/session/cancel은 C03~C05, picker/error/artwork는 UI","iOS/Android Bluetooth import, permission/empty/retry, sheet close discovery stop, late account 무시",1,"-0,0 +1,1137"
test/features/onboarding/mobile_passcode_screen_test.dart,test/features/onboarding/mobile_passcode_screen_test.dart,M,C02;UI,"첫 Ledger account setup commit는 C02, passcode/biometrics 화면 순서는 UI",Ledger passcode를 biometrics 전에 commit,3,"-10,0 +11,2 | -100,0 +103,39 | -159,0 +201,18"
test/features/onboarding/mobile_wallet_link_screens_test.dart,test/features/onboarding/mobile_wallet_link_screens_test.dart,M,C15;UI,"Ledger transfer payload/selection은 C15, 모바일 transfer 화면은 UI",Ledger signer metadata가 있는 Wallet Link 흐름 fixture,1,"-280,0 +281,43"
test/features/onboarding/mobile_welcome_screen_test.dart,test/features/onboarding/mobile_welcome_screen_test.dart,M,UI,Ledger 진입 선택지 노출 UI,mobile onboarding entry의 Ledger method visibility 변경,2,"-7,0 +8 | -25,0 +27,3"
test/features/onboarding/welcome_screen_test.dart,test/features/onboarding/welcome_screen_test.dart,M,UI,desktop Ledger 진입 선택지 노출 UI,first-wallet Ledger creation entry 렌더링,2,"-25,0 +26,10 | -164,0 +175,4"
test/features/payment_links/payment_link_service_test.dart,test/features/payment_links/payment_link_service_test.dart,M,C13,swap/pay hardware draft fake interface 적응,settlePcztDraftAfterLedgerBroadcast signature 변경에 맞춘 fixture; 독립 Ledger 행위 assertion은 없음,1,"-1992,0 +1993"
test/features/send/mobile_ledger_send_sign_screen_test.dart,test/features/send/mobile_ledger_send_sign_screen_test.dart,A,C08;C10;C11;UI,"prove/sign/checkpoint/cancel/TEX state는 core, mobile screen interaction은 UI","checkpoint 전 handoff, retry 시 재서명 없음, TEX 2 rounds, back/cancel lifecycle",1,"-0,0 +1,680"
test/features/send/mobile_send_screen_test.dart,test/features/send/mobile_send_screen_test.dart,M,C09;C11;UI,"Ledger quote/TEX dispatch는 C09/C11, confirmation/amount sheet는 UI","Ledger 전용 confirmation, TEX recipient, spendable ceiling 설명",4,"-419,0 +420 | -445,0 +447,7 | -3336,0 +3345,58 | -4044,0 +4111,79"
test/features/send/mobile_send_status_screen_test.dart,test/features/send/mobile_send_status_screen_test.dart,M,C10;C11;UI,"durable operation broadcast handoff는 C10/C11, status copy는 UI",persisted Ledger operation을 broadcast하고 실패시 nothing-sent 상태 표시,7,"-40,0 +41 | -60,0 +62,18 | -147,0 +167,29 | -281,0 +330,34 | -325 +407 | -334 +416 | -336,0 +419,4"
test/features/send/send_amount_quote_test.dart,test/features/send/send_amount_quote_test.dart,A,C09,feasible/max suggestion 금액 계약,기기 capacity failure만 더 작은 금액을 제안하고 zero/stale larger suggestion을 거절,1,"-0,0 +1,113"
test/features/send/send_review_screen_test.dart,test/features/send/send_review_screen_test.dart,M,C08;C10;C11;UI,"sign/checkpoint/proposal cancel/TEX retry는 core, desktop review modal·navigation은 UI","in-flight PCZT 재사용, generation 격리, checkpoint retry bytes 보존, TEX second rejection",25,"-7 +6,0 | -9,0 +9,2 | -24,0 +26 | -29,0 +32 | -31,0 +35,3 | -34,0 +41 | -382 +389,4 | -1103,0 +1114,839 | -1157,0 +2007,46 | -1477,0 +2373,3 | -1480 +2378 | -1483 +2381,2 | -1494 +2393,10 | -1520 +2428,2 | -1530,5 +2439,16 | -1541,0 +2462,115 | -1543,0 +2579 | -1554,0 +2591 | -1608 +2644,0 | -1615,0 +2652 | -1719,0 +2757,4 | -1735,0 +2777,4 | -1818,0 +2864,4 | -1847,0 +2897,4 | -1924,0 +2978,4"
test/features/send/send_screen_test.dart,test/features/send/send_screen_test.dart,M,C09;C11;UI,"quote와 Ledger handoff/TEX proposal은 core, composer action은 UI","Ledger 직접 signing handoff와 PCZT pair 전달, account switch/cancel 경계",8,"-50,0 +51,57 | -1426,0 +1484,25 | -1476,0 +1559,30 | -1818,0 +1931,25 | -1887,0 +2025,2 | -1907,0 +2047,2 | -1968,0 +2110 | -1982,0 +2125"
test/features/send/send_status_screen_test.dart,test/features/send/send_status_screen_test.dart,M,C10;C11;UI,"operation recovery/broadcast state는 core, status rendering은 UI",Ledger durable operation 전달과 실패/재시도 상태,11,"-26,0 +27 | -265,0 +267 | -310,0 +313 | -367,0 +371 | -634,0 +639,117 | -840 +961 | -928,0 +1050 | -929,0 +1052 | -941,0 +1065 | -960,0 +1085,3 | -968,0 +1096,43"
test/features/settings/mobile_settings_screen_test.dart,test/features/settings/mobile_settings_screen_test.dart,M,C02;C03;UI,"account signer/connection metadata는 core, settings navigation·labels는 UI",mobile hardware account details와 Ledger add/connect entry,12,"-51 +51 | -64,0 +65,15 | -140,0 +156 | -141,0 +158,30 | -164,24 +210 | -1149 +1172 | -1152 +1175,11 | -1155,6 +1188,2 | -1161,0 +1191,4 | -1163,4 +1196,3 | -1168,0 +1201,37 | -1174 +1243"
test/features/settings/settings_screen_test.dart,test/features/settings/settings_screen_test.dart,M,C02;C03;UI,"account signer/transport preference는 core, desktop settings menu/dialog은 UI",Ledger account badge/details/connection settings 변화,5,"-78,0 +79,48 | -679,0 +728 | -684,0 +734,8 | -705 +762,3 | -795,0 +855,14"
test/features/swap/mobile_swap_keystone_signing_test.dart,test/features/swap/mobile_swap_keystone_signing_test.dart,M,C13,Keystone regression coverage for generalized hardware deposit state,Ledger 도입 후 pendingHardwareSigningIntent/draft API에서도 기존 Keystone flow 유지,17,"-26,0 +27 | -232,0 +234,49 | -274,0 +325,93 | -645,0 +789,44 | -836,0 +1024 | -843 +1031 | -937 +1125 | -943 +1131 | -947 +1135 | -949 +1137 | -983 +1171 | -987 +1175 | -989 +1177 | -999 +1187 | -1004 +1192 | -1032,0 +1221,26 | -1155,0 +1370,8"
test/features/swap/support/swap_screen_test_fakes.dart,test/features/swap/support/swap_screen_test_fakes.dart,M,C10;C13,hardware deposit checkpoint·broadcast fake 계약,SwapHardwarePcztDraft와 Ledger broadcast settlement test double,4,"-40,0 +41 | -56,0 +58,5 | -948,0 +955,8 | -970,0 +985,66"
test/features/swap/swap_screen_test.dart,test/features/swap/swap_screen_test.dart,M,C10;C13;UI,"Ledger deposit sign/checkpoint/recovery는 core, swap/pay 화면 상태는 UI","hardware signing intent, order deadline, retry/abandon 및 Keystone/general swap 회귀",8,"-51,0 +52,2 | -8775 +8777 | -8858,0 +8861,168 | -8993 +9163 | -9106 +9276 | -9598,0 +9769,3 | -9654,0 +9828,9 | -10401,0 +10584,25"
test/features/voting/ledger_voting_signing_panel_test.dart,test/features/voting/ledger_voting_signing_panel_test.dart,A,C14;UI,"submission state projection은 C14, panel steps/memo/layout/cancel affordance는 UI","readiness transitions, memo, account/device reading order, large text/RTL, post-approval rows",1,"-0,0 +1,370"
test/features/voting/mobile_voting_screen_test.dart,test/features/voting/mobile_voting_screen_test.dart,M,C03;C14;UI,"leave-time device cancel은 C03/C14, mobile scaffold/rendering은 UI",route leave 전에 device request cancel,3,"-9,0 +10 | -14,0 +16 | -18,0 +21,61"
test/features/voting/voting_status_screen_test.dart,test/features/voting/voting_status_screen_test.dart,M,C03;C08;C14;UI,"Ledger compact-sign/delegation/recovery/cancel은 core, status/panel/error rendering은 UI","Ledger failure classes, leave cancel, hardware SDK session, multi-bundle state와 Keystone regression",8,"-23,0 +24,4 | -1595,0 +1600,47 | -3945,0 +3997,331 | -4410,0 +4793,2 | -4417,4 +4801,15 | -4847,0 +5243 | -4854,0 +5251,17 | -5792 +6205"
test/features/wallet_link/wallet_link_ledger_export_test.dart,test/features/wallet_link/wallet_link_ledger_export_test.dart,A,C15,Ledger transfer payload export 계약,UFVK/index/birthday/model/name과 device-local connection metadata 제외를 검사,1,"-0,0 +1,160"
test/features/wallet_link/wallet_link_models_test.dart,test/features/wallet_link/wallet_link_models_test.dart,M,C02;C15,hardware signer kind/versioned model round-trip,hardware accounts를 kind로 filter하고 legacy/software payload 호환 회귀,7,"-242,0 +243 | -251,0 +253 | -256,0 +259 | -277,2 +280,7 | -289,0 +298 | -291 +300 | -295,0 +305"
test/providers/account_models_test.dart,test/providers/account_models_test.dart,M,C02,Ledger signer·connection metadata JSON persistence,"legacy hardware→Keystone default, Ledger explicit kind와 automatic preference round-trip",1,"-50,0 +51,85"
test/providers/account_provider_test.dart,test/providers/account_provider_test.dart,M,C02;C10;C15,"Ledger account import/remove metadata는 C02, deletion/reset signed-operation drain은 C10, Wallet Link duplicate는 C15",account mutations와 cleanup hooks/test doubles가 hardware signer 종류 및 operation state를 보존,8,"-0,0 +1,2 | -9,0 +12,2 | -27,0 +32 | -507,0 +513,121 | -1214,0 +1341,17 | -1224,0 +1368 | -1230,0 +1375 | -1235,0 +1381,19"
test/providers/app_security_provider_test.dart,test/providers/app_security_provider_test.dart,M,C02,첫 hardware account setup의 security provider fixture 적응,Ledger onboarding 경로가 password/passcode prepare·commit API를 사용하도록 test double 보정,1,"-31,0 +32"
test/providers/voting/voting_hardware_signer_state_test.dart,test/providers/voting/voting_hardware_signer_state_test.dart,A,C02;C14,account signer kind를 voting hardware state로 projection,Keystone과 Ledger hardware account를 구별,1,"-0,0 +1,24"
test/providers/voting/voting_providers_test.dart,test/providers/voting/voting_providers_test.dart,M,C14,Ledger branch 추가 후 software/Keystone SDK session 회귀 fixture,hardware signer-aware voting service signatures에 맞춘 provider test 변화; Ledger UI 증거가 아님,1,"-12489,0 +12490,5"
test/widgetbook/ledger_app_version_guidance_test.dart,test/widgetbook/ledger_app_version_guidance_test.dart,A,UI,앱 version guidance의 Widgetbook 시각·interaction 검증,platform/phase별 guidance preview; core version gate는 별도 readiness test가 담당,1,"-0,0 +1,237"
test/widgetbook/ledger_ble_dialog_test.dart,test/widgetbook/ledger_ble_dialog_test.dart,A,UI,BLE picker pane layout 검증,여러 높이에서 dialog가 pane 안에 유지,1,"-0,0 +1,98"
test/widgetbook/ledger_transfer_preview_test.dart,test/widgetbook/ledger_transfer_preview_test.dart,A,UI,Ledger transfer review/edit visual interaction,"draft adjustment disclosure, edit focus, pane centering, leave cancel을 preview fixture로 검사",1,"-0,0 +1,277"
test/widgetbook/ledger_use_cases_test.dart,test/widgetbook/ledger_use_cases_test.dart,A,UI,Ledger 온보딩·recovery·capacity·signing·picker·voting·account-details preview 모음,production surface 렌더링과 isolated preview data를 검사; 실제 transport/기기 기능 증거가 아님,1,"-0,0 +1,813"
windows/runner/CMakeLists.txt,windows/runner/CMakeLists.txt,M,C06,ledger_ble_handler.cpp source와 windowsapp.lib link를 C06에 포함한다.,WinRT BLE adapter 빌드 및 Windows Runtime linkage가 추가됐다.,2,"-10,0 +11 | -114,0 +116"
windows/runner/flutter_window.cpp,windows/runner/flutter_window.cpp,M,C06,LedgerBleHandler 생성/정리와 HandleWindowMessage 전달 hunks만 C06에 포함한다.,Flutter engine messenger에 WinRT handler를 연결하고 UI-thread task message를 전달한다.,3,"-462,0 +463,2 | -498,0 +501 | -512,0 +516,4"
windows/runner/flutter_window.h,windows/runner/flutter_window.h,M,C06,ledger handler include 및 unique_ptr field만 C06에 포함한다.,Windows runner가 LedgerBleHandler 수명을 소유하도록 선언됐다.,2,"-12,0 +13 | -41,0 +43"
windows/runner/ledger_ble_handler.cpp,windows/runner/ledger_ble_handler.cpp,A,C06,파일 전체를 C06 Windows adapter로 둔다.,"WinRT discovery/pairing/GATT, MTU/framing, operation generation, notification/session cleanup 및 Flutter channels를 구현한다.",1,"-0,0 +1,785"
windows/runner/ledger_ble_handler.h,windows/runner/ledger_ble_handler.h,A,C06,Windows handler public interface 전체를 C06에 포함한다.,constructor와 HandleWindowMessage를 통해 runner integration 계약을 정의한다.,1,"-0,0 +1,23"
windows/runner/tests/ledger_ble_protocol_test.cpp,windows/runner/tests/ledger_ble_protocol_test.cpp,A,C06,공용 native protocol/operation gate tests 전체를 C06에 포함한다. C07이 이 계약을 재사용한다.,"APDU framing/assembly, MTU, status parsing, generation cancellation 경계를 검증한다.",1,"-0,0 +1,80"
